Date,Post Type,Content,Like,Retweet,Reply,username,name,first_name,last_name
2024-04-17T15:53:01.000Z,video,"क्यान्टिनमा दिइराखेको खाना छाडेर कोही सडकमा फालेको सडेगलेको मैला खान तैयार भयो भने यसको अर्थ  उसले मैला नै खान चाहेको हो भने होइन, बरू यसको अर्थ हो कि क्यान्टिनमा हामी त्योभन्दा पनि खत्तम कुरा 'डेलिभर' गरिराखेका छौं। संचालकहरू यति भ्रष्ट र अहंकारी भए।",141,13.0,4.0,drckraut,Chandra Kant Raut,Chandra Kant,Raut
2024-04-17T15:29:34.000Z,image,"अबको राजनैतिक विकल्प भनेकै जनमत पार्टी हो। जनमत पार्टीसँग नै अधिकार, पहिचान र विकासको राजनैतिक दर्शन र रोडम्याप छ। यो पार्टीमा नै सत्ताको लोभलालच नगरी नि:स्वार्थ भावले सेवा गर्ने अठोठ छ। त्यसैले निश्चितताका साथ #हातेमाइक 📢 चिन्हमा नै मतदान गरेर जनमत पार्टीलाई विजयी बनाऔं।",23,3.0,2.0,drckraut,Chandra Kant Raut,Chandra Kant,Raut
2024-04-16T16:47:08.000Z,video,"३०-४० दिन मात्रै पनि जनता सिंहदरबार अगाडि गोली खान तैयार भइदिए, मन्त्रालय घेर्न तैयार भए दिए, मन्त्री र नेताका गाडी घेर्न तैयार भइदिए, घर घेर्न तैयार भइदिए, के हुन्छ ? यो व्यवस्था रहन्छ? देश त्यो अवस्थामा पुगिसकेको छ। त्यसैले विकल्प दिनै पर्छ - नौलो गणतन्त्र र सामाजिक लोकतन्त्रको",256,31.0,111.0,drckraut,Chandra Kant Raut,Chandra Kant,Raut
2024-04-12T10:56:32.000Z,image,साउदी अरबको  #रियादमा गैरआवासीय मधेशी संघको कार्यक्रम शुरू हुँदै🙏🏻,33,1.0,3.0,drckraut,Chandra Kant Raut,Chandra Kant,Raut
2024-03-22T14:24:32.000Z,image,#इलाम साहित्य महोत्सवमा चैत १७ गते डा. सी. के. राउतसँग राजनैतिक वार्तालाप,66,2.0,3.0,drckraut,Chandra Kant Raut,Chandra Kant,Raut
2024-03-21T14:34:52.000Z,video,"देशभरिका #इन्जिनियरहरू एक होऔं - देश विकासमा जुटौं।

नेपाल कहिले बन्यो भने त्यो #इन्जिनियरहरूकै हातबाट नै बन्नेछ किनकि निर्माण भनेकै इन्जिनियरिङ्गसँग सम्बन्धित शब्द हो।

हजारौं वर्षदेखि धर्म, दर्शन, कानून र राजनीतिले दिन नसकेको समाधान अन्तत: इन्जिनियरिङ्गले नै दिन्छ।",340,23.0,20.0,drckraut,Chandra Kant Raut,Chandra Kant,Raut
2024-03-19T16:46:44.000Z,image,आज त्रिभुवन विश्वविद्यालयको CNAS हलमा प्राज्ञिक विमर्श समूहले आयोजना गरेको 'लोकतन्त्र र नैतिकता'  विषयको अन्तरक्रिया कार्यक्रम,116,6.0,2.0,drckraut,Chandra Kant Raut,Chandra Kant,Raut
2024-03-18T16:55:28.000Z,video,जेफ बेजोस् नेपाली भएको भए १६ लाखले त्यसै जागिर पाउँथे होला। तर हामी कहाँ यस्तो राजनैतिक दर्शन छ कि जेफ बेजोस् नेपालमा जन्मेको भएको हँसियाले घाँटी छिनाइन्थ्यो होला। कतै नेपालको #बालविवाह #समाजवादसँग गराइएको त होइन? काँचै उमेरमा आमा बन्न बाध्य गरिँदा आमाको ज्यानै जाने खतरा हुन्छ।,344,45.0,14.0,drckraut,Chandra Kant Raut,Chandra Kant,Raut
2024-03-16T07:06:11.000Z,image,जनमत पार्टीको केन्द्रीय समितिको बैठक वीरगंजमा शुरू भएको अवस्था🙏🏻,97,7.0,3.0,drckraut,Chandra Kant Raut,Chandra Kant,Raut
2024-03-15T02:26:09.000Z,text,"अर्थमन्त्री काँ?
बजेट बाँडी खा 
खै मेरो बजेट?
सचिवले खायो
खै सचिव?
कर उठाउन गयो
खै कर?
जनताले तिर्यो 
खै जनता?
पैसो कमाउन गयो
खै पैसो?
कर्मचारीले खायो
खै कर्मचारी?
दूलो भित्र पस्यो
खै दूलो?
अख्तियारले पुर्‍यो
खै अख्तियार?
सानो माछा खोज्न गयो
खै माछा?
खोलातिर बग्यो
खै खोलो?
सुक्यो",1.5K,347.0,72.0,drckraut,Chandra Kant Raut,Chandra Kant,Raut
2024-03-09T04:24:55.000Z,image,"नौलो गणतन्त्रको आन्दोलन किन? - डा. सी. के. राउत, #नागरिक दैनिक, २०८० फाल्गुन २६ गते शनिबार📷",42,9.0,1.0,drckraut,Chandra Kant Raut,Chandra Kant,Raut
2024-03-09T04:24:23.000Z,image,"गौतमबुद्धलाई पत्र - डा. सी. के. राउत (२०५७ सालको रचना)
कान्तिपुर कोसेली, २०८० फाल्गुन २६ गते शनिबार",29,3.0,2.0,drckraut,Chandra Kant Raut,Chandra Kant,Raut
2024-02-27T15:38:34.000Z,image,"सप्तरीमा मन्त्री र सभासद्हरूमाथि ज्यानलिने गरी भएको घटना घटाउन मधेश प्रदेशका #मुख्यमन्त्रीले #प्रहरीका #उच्च #पदाधिकारीहरू #समेतलाई #पैसा दिएको आरोप आएको छ, त्यसको छानबिन होस्।   
साढ़े ३ अर्बको रकमान्तर भ्रष्टाचार काण्डको छानबिन होस्, बजेट कसैको निजी सम्पत्ति होइन।",56,12.0,2.0,drckraut,Chandra Kant Raut,Chandra Kant,Raut
2024-02-27T11:01:02.000Z,video,"मधेश प्रदेश सभा घेराऊ किन?

१. मुख्यमन्त्रीको अगुवाईमा शिक्षा मन्त्री महेश प्रसाद यादवसहित सभासद्हरूमाथि ज्यान मार्ने गरी नै राजबिराजमा भएको घटनाको छानबिन गर्ने समिति बनाउन र कारबाही गर्न

२. साढे ३ अर्बको रकामान्तर घोटाला काण्डको विषयमा प्रतिवेदन आएर कारबाही गराउन",51,7.0,2.0,drckraut,Chandra Kant Raut,Chandra Kant,Raut
2024-02-26T12:26:44.000Z,image,"मधेश प्रदेशको राजनीति ! #मुख्यमन्त्रीले प्रदेश नीति आयोगका सदस्य डा. सोहन प्रसाद साहलाई #बर्खास्त गरेको छ। मधेश त्यसै असाक्षर र अविकसित भएको हो? हाम्रो शिक्षा मन्त्री हुँदा  प्रदेश  साक्षरता कार्यक्रमको डिजाइन गरेका, हुलाकी सडकमा रोजगारी सिर्जना छलफल चलाएर लोकप्रिय भइरहेका थिए।",40,8.0,1.0,drckraut,Chandra Kant Raut,Chandra Kant,Raut
2024-02-25T11:48:03.000Z,image,मीटरब्याजी र लघुवित्त पिडितहरूसँग हरेक मोर्चामा हामी साथ छौं,109,13.0,5.0,drckraut,Chandra Kant Raut,Chandra Kant,Raut
2024-02-24T10:05:10.000Z,image,संत शिरोमणि श्रीरविदास जयन्तीको अवसरमा हार्दिक मंगलमय शुभकामना 🙏🏻 #EndUntouchability #SocialJusticeToDalits,27,2.0,0.0,drckraut,Chandra Kant Raut,Chandra Kant,Raut
2024-02-22T11:53:16.000Z,video,"सत्ता-संचालकहरू #सेतोबाघ बाट त्रसित छ। #जंगबहादुरको हबिगत हामीले देखेकै हौं, छोरा जर्नल र नाती जर्नलको जे हाल भएको थियो, सुध्रेनौं भने त्यही हालत नहोला, भन्न सकिन्न।",180,20.0,5.0,drckraut,Chandra Kant Raut,Chandra Kant,Raut
2024-02-22T10:12:23.000Z,text,"बिहीबार प्रतिनिधिसभाको बैठकमा बोल्दै डा. सी. के. राउत कोतपर्व, भण्डारखाल पर्वजस्ता हिंसात्मक घटनाबाट प्रधानमन्त्री बनेका जंगबहादुर राणा आफैं सेतो बाघसँग डराएको भन्दै प्रमुख राजनीतिक दलहरु पनि आफैंले ल्याएको शासन व्यवस्थासँग डराएको टिप्पणी गरेका हुन् ।",33,3.0,0.0,drckraut,Chandra Kant Raut,Chandra Kant,Raut
2024-02-21T15:30:57.000Z,image,"“#आप्रवासी #जनमत #संघ” विभिन्न #वर्ग/#व्यवसाय, क्लष्टर (संविधानले तोकेअनुसार #आदिवासी #जनजाति, #खसआर्य, #थारू, #दलित, #पिछडावर्ग, #मधेशी, #मुस्लिम, #अल्पसंख्यक साथै अन्य)   र क्षेत्र (#जिल्ला/#पालिका/#प्रदेश अनुसार) गठन गर्न हुन सम्बन्धित सबैलाई सूचित गरिन्छ।",25,2.0,0.0,drckraut,Chandra Kant Raut,Chandra Kant,Raut
2024-02-06T11:34:34.000Z,image,"२०८१ ज्येष्ठ १५ गते ‘गणतन्त्र दिवस’का दिन काठमाडौंको भृकुटी मण्डपमा हुने भव्य-सभामा सहभागी होऔं 

भ्रष्टाचार मेटाऔं, दलतन्त्रको तानाशाही हटाऔं, जनताको अधिकार जनताकै हातमा दिऔं

प्रत्यक्ष निर्वाचित प्रधानमन्त्रीसहित “नौलो गणतन्त्र र सामाजिक लोकतन्त्र” ल्याउन आन्दोलन सफल पारौं",26,3.0,1.0,drckraut,Chandra Kant Raut,Chandra Kant,Raut
2024-02-05T18:22:14.000Z,text,"जनमत पार्टीले औंल्यायो देश विकास हुन नसक्नुका पाँच कारण
माघ २२, २०८० कान्तिपुर संवाददाता",27,1.0,3.0,drckraut,Chandra Kant Raut,Chandra Kant,Raut
2024-02-05T02:33:37.000Z,text,"प्रत्यक्ष निर्वाचित प्रधानमन्त्री, निर्वाचन अधिकृत, महालेखा परीक्षक, न्यायाधिवक्ता र अख्तियार प्रमुख हुनुपर्ने भन्दै अध्यक्ष राउतले विभिन्न विभागीय मन्त्रीहरू नरहने प्रस्ताव पेश गरेका छन्",145,12.0,9.0,drckraut,Chandra Kant Raut,Chandra Kant,Raut
2024-02-04T14:29:35.000Z,text,"आखिर नेपालको विकास किन भएन?
रिभर्स इन्जिनियरिङ्ग दृष्टिकोण तथा ‘दोस्रो गणतन्त्र र सामाजिक लोकतन्त्र’को लडाईँ, २०८०/१०/२१ गते  जनमत पार्टीद्वारा  केन्द्रीय सचिवालयको बैठकमा छलफलका लागि राजनैतिक प्रस्ताव प्रस्तुत 
",35,2.0,1.0,drckraut,Chandra Kant Raut,Chandra Kant,Raut
2024-02-03T05:07:36.000Z,image,"साम्यवाद आउँदै हो? निजी भगाउने, राज्यलाई सुम्पने ( र नातागोता वा कार्यकर्ताबीच बाँड्ने) #alert #1984",85,11.0,7.0,drckraut,Chandra Kant Raut,Chandra Kant,Raut
2024-01-30T02:55:09.000Z,image,"लखन थापा वा बाँका वीर नै प्रथम शहीद किन, जबकि देशको लागि दुश्मनसँग लडेर ज्यान दिने कालुपाँडेहरू त राज्यविस्तारकै क्रममा थिए ?

किनकि अहिले आद्य खस शासनकाल हो, त्यसैले शहीद भनेको  अगाडिको शासनकाल (राणाकाल) फालेर खस शासन ल्याउन आहुति दिएकाहरू हुन्। 

शहीद दिवसको हार्दिक शुभकामना",84,10.0,7.0,drckraut,Chandra Kant Raut,Chandra Kant,Raut
2024-01-28T15:42:58.000Z,image,"#मासिन्या - #मण्डला थिएटरमा आज हेर्ने मौका जुर्यो। अभिनय, भावना, प्रकाश र संगीतको गज्जबको संयोजन।  त्यसमाथि #तामाङ् जातिमाथि राज्यले गरेको दमनको कथा आफ्नै जीवनसँग समेत मेल खाने। प्रहरी र अगुवा  मिलेर गाउँका निर्दोष मान्छेलाई फसाउँदै जेल कोच्ने अनि आफ्नो प्रभुत्व स्थापित गर्ने कथा",60,4.0,3.0,drckraut,Chandra Kant Raut,Chandra Kant,Raut
2024-01-27T03:19:32.000Z,image,"पैसा खाएर छानबिन समितिले स्पष्ट रूपमा भएको ठूलो ३ अर्ब ३४ करोड़को भ्रष्टाचारलाई ढाकछोप गर्ने  प्रतिवेदन दिए छानबिन समितिका सदस्यहरूमाथि समेत मुद्दा दर्ता गर्नु पर्दछ। प्रदेश सरकार कसैको बपौती होइन, तपाईं हाम्रै जनताको एकएक पैसाबाट चल्ने हो। ",143,38.0,7.0,drckraut,Chandra Kant Raut,Chandra Kant,Raut
2024-01-25T15:40:41.000Z,text,"मधेश प्रदेश सरकारले ल्याएको ‘मुख्यमन्त्री बेटी पढाऊ, बेटी बचाऊ’ कार्यक्रममा भएको भ्रष्टाचार काण्डमा मुख्यमन्त्रीलाई राजनैतिक संरक्षण गर्ने र कर्मचारीलाई मात्रै दोषी मानेर सजाय गर्ने निर्णय  पक्कै पनि राजनैतिक मिलेमतो हो। जनताले सबै बुझेकै छन्",124,25.0,4.0,drckraut,Chandra Kant Raut,Chandra Kant,Raut
2024-01-17T10:57:33.000Z,image,"मधेशका मुख्यमन्त्री र अर्थमन्त्रीले मधेश सरकारमा गरिराखेको चरम भ्रष्टाचारमाथि छानबिन गर्न र कारबाही गर्न, शहीद तथा जनताको भावनको कदर गर्न, मधेशलाई बदनाम हुनबाट बचाउन #जनमत पार्टीद्वारा मधेश सरकारको कार्यक्रममा विरोध प्रदर्शन।
भ्रष्टाचारी होशियार ",35,4.0,0.0,drckraut,Chandra Kant Raut,Chandra Kant,Raut
2024-01-17T04:47:07.000Z,image,"आज मधेशमा विद्यमान रहेको जंगलराज र भ्रष्टाचारका कारण संघीयता समेत बदनाम हुँदै आएको छ, मधेशको नाम नै कलंकित हुँदै आएको छ। मधेशका हरेक मन्त्रालयदेखि कार्यालयहरूमा जसपाका कार्यकर्ताहरू भरेर मचाउँदै आएको आतंक, भ्रष्टाचार र जंगलराज शीघ्र अन्त्य होस् भनेर कामना।  ",281,55.0,24.0,drckraut,Chandra Kant Raut,Chandra Kant,Raut
2024-01-08T14:20:04.000Z,image,सिख समुदायको लागि आरक्षण तथा श्री गुरूनानक जयन्तीको अवसरमा विदा बारे जनमत पार्टीद्वारा सम्माननीय प्रधानमन्त्रीज्यूलाई ज्ञापनपत्र,65,4.0,9.0,drckraut,Chandra Kant Raut,Chandra Kant,Raut
2024-01-08T12:24:44.000Z,image,जनमत पार्टीको तर्फबाट राष्ट्रिय सभा सदस्यका लागि #मधेश प्रदेशमा #रामशंकर #महासेठ र #लुम्बिनी प्रदेशमा #बालगोबिन्द #चौधरी थारू  ज्यूको उम्मेदवारी दर्ता भएको छ। दुबैजना उम्मेदवारलाई हार्दिक शुभकामना 📢,46,5.0,1.0,drckraut,Chandra Kant Raut,Chandra Kant,Raut
2024-01-06T15:06:15.000Z,image,".  should publish data on its assistance in last 20 years in (1)Terai-Madhesh (2)in Hills. Perhaps <5-10% went to Terai-Madhesh, home to 54% of population.Yet the people who got it all are the ones despising India, burning its flag n hurling slippers on ambassador",43,5.0,7.0,drckraut,Chandra Kant Raut,Chandra Kant,Raut
2024-01-06T13:41:33.000Z,image,"उच्च अदालतको न्यायाधीश, राजदूत, संवैधानिक निकायका पदाधिकारीहरूको नियुक्तिमा भएको विभेदपूर्ण तथा असमावेशी नियुक्तिको विषयमा सम्माननीय प्रधानमन्त्रीज्यूलाई ज्ञापनपत्र🙏🏻",180,24.0,32.0,drckraut,Chandra Kant Raut,Chandra Kant,Raut
2024-01-02T15:24:56.000Z,video,"म प्रचण्ड होइन, म सी. के. राउत हूँ - full interview at ",326,33.0,30.0,drckraut,Chandra Kant Raut,Chandra Kant,Raut
2024-01-01T15:12:35.000Z,video,"""हामीले धोती लाउँदैमा तपाईंलाई के आपत्ति छ? हामी धोती लाएर हिँडन नहुने हो? हामी नाङ्गै हिँड्नु पर्ने हो ?  यो कस्तो हुकुमी शासन हो? यो देश हाम्रो हो कि होइन?"" पक्राऊ हुनु पूर्व डा. सी. के. राउतले प्रहरीलाई सोधेका थिए।",575,114.0,165.0,drckraut,Chandra Kant Raut,Chandra Kant,Raut
2024-01-01T15:02:59.000Z,video,"यो देशमा कति नश्लभेद छ भने, अन्य पार्टीको राष्ट्रिय अध्यक्षलाई अकारण यसरी समात्न सक्छ ? भन्दै उनले प्रश्न गरे ।",248,39.0,60.0,drckraut,Chandra Kant Raut,Chandra Kant,Raut
2024-01-01T08:30:52.000Z,text,"Janamat Party chief CK Raut, 50 others arrested

",43,1.0,5.0,drckraut,Chandra Kant Raut,Chandra Kant,Raut
2023-11-04T14:24:44.000Z,image,कर्णाली भूकम्पपीडितको राहत-उद्धारको लागि अपील,54,2.0,0.0,drckraut,Chandra Kant Raut,Chandra Kant,Raut
2023-11-01T14:26:39.000Z,text,अन्तर्राष्ट्रिय बालिका दिवसको अवसरमा ९ कक्षामा अध्ययनरत रजीना खातुन एक घण्टाका लागि मधेश प्रदेशको शिक्षा तथा संस्कृति मन्त्री बनेकी छन् ।,37,4.0,0.0,drckraut,Chandra Kant Raut,Chandra Kant,Raut
2023-10-30T14:53:30.000Z,text,". 's Nepal visit only lacks hunting to match King George V's: surrounded by courtiers, distanced from general public & victim families and indifferent to grave human-rights violations, inequality, injustice and poverty engulfing the nation. 
 ",89,10.0,5.0,drckraut,Chandra Kant Raut,Chandra Kant,Raut
2023-10-30T12:23:05.000Z,image,आज पूर्वाधार विकास समितिको बैठकमा मा. डा. सी. के. राउतबाट सप्तरीमा योजनाहरूको प्रगति संतोषजनक नरहेको r ठेकेदारहरूले धेरै ढिलाई सुस्ती गरेको कुरा राख्दा समितिबाट डा. सी. के. राउतको संयोजकत्वमा अनुगमन टोली गठन गरी #सप्तरी पठाउने निर्देशन सभापतिज्यूले दिनु भएको छ।,148,9.0,3.0,drckraut,Chandra Kant Raut,Chandra Kant,Raut
2023-10-24T01:57:41.000Z,image,जनमत पार्टीको तर्फबाट विजयादशमीको अवसरमा हार्दिक मंगलमय शुभकामना📢📢📢,250,9.0,10.0,drckraut,Chandra Kant Raut,Chandra Kant,Raut
2023-08-23T14:27:21.000Z,image,"मित्र राष्ट्र भारतलाई यस ऐतिहासिक सफलताको लागि हार्दिक बधाई - यो सम्पूर्ण दक्षिण एशियाली मुलुकहरूको लागि साझा  गौरवको विषय हो। यसमा संलग्न सम्पूर्ण द्रष्टा, वैज्ञानिक तथा जनशक्तिलाई पनि धेरै धेरै बधाई🙏",154,23.0,10.0,drckraut,Chandra Kant Raut,Chandra Kant,Raut
2023-08-19T07:04:25.000Z,image,आज जनमत पार्टीबाट निर्वाचित #प्रदेश #सभा #सदस्यहरूको अनुमोदन रेटिङ्गबारे मधेश र लुम्बिनी प्रदेशमा जनमत संकलन गरिँदै #RightToRecall #Janamat #OnlyHope #DrCKRaut,78,4.0,4.0,drckraut,Chandra Kant Raut,Chandra Kant,Raut
2023-08-16T14:44:42.000Z,image,"भारतको ७७औं स्वतन्त्रता दिवसको अवसरमा नेपाल भारत मैत्री समाजको काठमाडौँमा आयोजित कार्यक्रममा बोल्दै डा, राउतके नेपाल र भारतको मैत्रीपूर्ण सम्बन्ध व्यापारिक र कर्मचारी तहमा मात्रै नभई दुई देशका जनताहरू एक अर्कासँग नजिक भएपछि मात्रै सुमधुर बन्ने बताएका हुन्।",86,7.0,13.0,drckraut,Chandra Kant Raut,Chandra Kant,Raut
2023-08-15T15:37:01.000Z,image,आज श्रावण ३० गते मंगलबार   #राष्ट्रिय #सभागृह #काठमाडौंमा जनमत पार्टीको शुभेच्छुक संगठन नेपाल राष्ट्रिय  नाइ संघद्वारा आयोजित वृहत् भेला तथा पार्टी प्रवेश कार्यक्रमका झलकहरू। 📷📷📷,91,7.0,6.0,drckraut,Chandra Kant Raut,Chandra Kant,Raut
2023-05-13T09:44:32.000Z,image,भ्रष्टाचार विरुद्ध जनमत पार्टीको खबरदारी,178,9.0,6.0,drckraut,Chandra Kant Raut,Chandra Kant,Raut
2023-05-05T03:57:56.000Z,image,बुद्ध जयन्तीलाई सरकारले 'ध्यान दिवस' घोषणा गरोस् - पछि संयुक्त राष्ट्रसंघबाट '#विश्व_ध्यान_दिवस' पारित गर्न लगाएर अनेकौं ऋषिमुनिको ध्यान र तपस्याको ऊर्जाले परिपूर्ण नेपालको पावनभूमिलाई '#ध्यान_पर्यटन' को केन्द्र बनाउन सकिओस् - डाँडाडाँडामा भ्यूटावरभन्दा ध्यान केन्द्र खुलोस्,1.3K,78.0,60.0,drckraut,Chandra Kant Raut,Chandra Kant,Raut
2023-04-26T15:11:56.000Z,video,"प्रहरीको मिलेमतोमा जनमतका समर्थकलाई घरबाहिर निस्कन नदिई, मान्छे काट्ने धमकी दिएर,  बूथ कब्जा गरीगरी, 
 छातामा मोहर लगाइएका मतपत्रहरू छ्याप्छ्याप्ती बाहिर भेट्टाएर, फर्जी मतदान गर्दै तथा अनुगमनका लागि म स्वयं नि.आ.को लिखित अनुमतिले जान खोज्दा 'पक्राऊ' गर्ने गरी कस्तो निर्वाचन हो?",856,128.0,94.0,drckraut,Chandra Kant Raut,Chandra Kant,Raut
2023-04-26T00:08:21.000Z,image,"जसपाका अध्यक्ष श्री उपेन्द्र यादवज्यूलाई बारा प्रतिनिधि सभा निर्वाचन क्षेत्र नं. २ को उपनिर्वाचनमा विजयी हुनु भएकोमा उहाँलगायत जसपाका सम्पूर्ण नेता, कार्यकर्ता र शुभचिन्तकहरूलाई हार्दिक बधाई 🎉

जनमत पार्टीलाई मतदान गर्नुहुने र अगाध माया दिनु  हुने सम्पूर्णमा कोटिकोटि प्रणाम 🙏",559,27.0,112.0,drckraut,Chandra Kant Raut,Chandra Kant,Raut
2023-04-24T08:06:41.000Z,image,"पारदर्शिताबाट डर किन ? मतगणना स्थलको #लाइभ गरिनु पर्ने हाम्रो मागको विपरीत #मोबाइल फोन समेत #निषेध गरी मतगणना गर्नुको रहस्य के? प्रहरी, प्रशासन र निर्वाचन अधिकृतको मिलेमतो हिजो पनि बूथहरूमा देखिएकै हो, मतपत्र बाहिर छयाप्छ्याप्ती भेटिएकै थिए, मतपेटिकाको सील पनि तोडिएको छ।",284,53.0,9.0,drckraut,Chandra Kant Raut,Chandra Kant,Raut
2023-04-24T05:48:22.000Z,video,"बारा-२ को मतगणना स्थलको लाइभ हुनुपर्छ।‌ सप्तरी -२ मा हामीले भोगिसकेका छौं, हार्न लागे पछि जसपाले भित्र नै उत्पात र दंगा मचाएर निर्वाचन बदर गराउने कसरी कोशिस गरेका थिए, प्रहरी प्रमुखको मिलेमतो थियो नै। बारा-२ मा सुवर्ण गा.पा. का ४ बटा बाकसको सिल टुटेको भेटिएको छ ",377,75.0,20.0,drckraut,Chandra Kant Raut,Chandra Kant,Raut
2023-03-15T16:32:17.000Z,image,मलमा अनुदान कटौती गर्ने नेपाल सरकारको निर्णय बारे जनमत पार्टीको धारणा।,111,14.0,8.0,drckraut,Chandra Kant Raut,Chandra Kant,Raut
2023-03-11T15:06:27.000Z,text,"संविधानको धारा ७० को ""फरक फरक लिंग #वा समुदाय"" को मात्रै पालना गर्ने कि धारा ३८(४) को ""राज्यका सबै निकायमा महिलालाई समानुपातिक समावेशी"" सहभागिताको पनि पालन गर्ने हो? संविधानको एउटा धारा पालन गर्ने र अर्को नगर्ने हुँदैन। दुइटै धारालाई मान्य हुने गरी नै उम्मेदबारी हुनुपर्छ",141,12.0,6.0,drckraut,Chandra Kant Raut,Chandra Kant,Raut
2023-03-11T12:56:52.000Z,image,"उपराष्ट्रपतिको निर्वाचन, मधेश र थरूहट आन्दोलनका मुद्दाहरूको सम्बोधन, नागरिकता विधेयक, आन्दोलनकारीमाथिको मुद्दा फिर्ता, राजबंदीहरूको रिहाई सहित, विगतका सहमतिहरूको कार्यान्वयन सहितका एजेन्डामा सहकार्य गर्दै अगाडि बढ्न #लोसपा, #नाउपा र #जनमत पार्टी सहमत।",103,10.0,6.0,drckraut,Chandra Kant Raut,Chandra Kant,Raut
2023-03-11T10:40:58.000Z,image,निर्वाचन आयोगले संविधानको धारा ३८(४) उद्धृत गर्दै हरेक हालतमा #उपराष्ट्रपतिको उम्मेदबार #महिला नै हुनु पर्ने अडान लिए पछि अहिले कुनै पनि दबाव वा प्रभावमा आएर पुरुष उम्मेदबार दर्ता गरिनु अत्यन्त खेदजनक छ र यसले आयोगको विश्वसनीयतामाथि नै प्रश्न चिन्ह खडा गरेको छ। हामी ऊजुरी दिन्छौं,156,12.0,14.0,drckraut,Chandra Kant Raut,Chandra Kant,Raut
2023-03-03T16:12:31.000Z,image,"#नियमित #अन्तरक्रिया #कार्यक्रम: आज 'मधेशको विकासका योजनाहरू - प्रस्ताव, कार्यान्वयन र चुनौतीहरू' विषयक अन्तरक्रियामा भाग लिनु हुने सबैमा हार्दिक धन्यवाद 🙏",256,12.0,11.0,drckraut,Chandra Kant Raut,Chandra Kant,Raut
2023-02-26T16:00:54.000Z,image,"मधेश प्रदेशको कृषि मन्त्रालयमा ३० दिन, प्रशंसनीय काम। दुर्गाग्यले  जनमत पार्टीले पाएको अर्को मन्त्रालय शिक्षा, विज्ञान, प्रविधि तथा वाणिज्य मन्त्रालय मा पटक-पटक ताकेता गर्दा पनि अहिलेसम्म कार्यभार समेत छुट्टयाएर हस्तान्तरण गरेको छैन।",399,32.0,25.0,drckraut,Chandra Kant Raut,Chandra Kant,Raut
2023-02-24T15:09:36.000Z,image,"स-साना कुराको लागि मेरो लामो संघर्ष। आज अर्को दुई निषेधित क्षेत्र तोडियो: 
१. साहित्यिक महोत्सवमा पहिलो पटक सहभागी (विदेशमा जे-जति योग्य भए पनि आफ्नै भूमिमा योग्य हुन सकेको थिइन) 

२. जानकी मन्दिर प्राङ्गन (मेरो लागि अर्को निषेधित क्षेत्र) बाट बोल्ने मौका । 

आयोजकलाई धन्यवाद।",1.1K,34.0,34.0,drckraut,Chandra Kant Raut,Chandra Kant,Raut
2023-02-17T12:57:41.000Z,image,"#दलान_दलील: जनतासँग डा. सी. के. राउत।
शुक्रबार सप्तरी निर्वाचन क्षेत्र नम्बर २ को मधेपुरा, कट्टी, बनरझुला, टिकुलिया, बरसाइन,  कुसहा, सकरपुरा, बेलही  र लौनियामा सम्पन्न।",160,7.0,2.0,drckraut,Chandra Kant Raut,Chandra Kant,Raut
2023-02-17T12:55:31.000Z,image,"पानी परीक्षण घु्म्ती सेवा (भ्यान) ले सप्तरी निर्वाचन क्षेत्र नं २ को लौनियामा पानी परीक्षण गर्दै। यो घुम्ती सेवा विभिन्न गाउँहरु हुँदै जानेछ र तपाईंहरु पनि आफ्नो कल वा धाराको पानी पिउन योग्य भए नभएको, #आर्सेनिकको मात्रा स्वीकार्य योग्य भए नभएको  चेकजाँच गर्न सक्नुहुन्छ🙏",1.2K,99.0,42.0,drckraut,Chandra Kant Raut,Chandra Kant,Raut
2022-12-30T07:24:23.000Z,image,आज आफ्नै निर्वाचन क्षेत्रमा जनताको‌ दुःखसुख सँगै 🙏,522,8.0,18.0,drckraut,Chandra Kant Raut,Chandra Kant,Raut
2022-12-27T03:22:13.000Z,image,"शुभप्रभात !🙏काठमाडौं बस्न डेरा/घर खोज्नै गार्‍हो, आज पनि जाँदैछु। बरू काठमाडौं भएको बेला एकान्तमा यस्तै #डाँडाकाँडातिर बसौंबसौं लाग्ने - कस्ता रमणीय र ध्यान लाग्ने ठाउँहरू। घ्याम्पे डाँडास्थित #पाइलटबाबा आश्रम गत शनिबार जाँदाको तस्वीर।",2K,52.0,96.0,drckraut,Chandra Kant Raut,Chandra Kant,Raut
2022-12-26T13:05:37.000Z,video,"'म खासमा सांसदका लागि पनि योग्य मान्छे होइन, मन्त्रीको त परको कुरा भयो [परिस्थिति, बाध्यता वा जिम्मेबारीले भएको चाहिँ अर्कै कुरा हो।]' गठबन्धनको बैठकपछि तपाई आफू चाहिँ सरकारमा नजाने भन्ने सञ्चाकर्मीहरुको प्रश्नमा कुरा गर्दै उनले भने।🙏 #drckraut",567,48.0,21.0,drckraut,Chandra Kant Raut,Chandra Kant,Raut
2022-12-26T11:47:01.000Z,image,म एक `निस्काम कर्मयोगी´- डा. सीके राउत #तमसोमा_ज्योतिर्गमय सोमवार आज राति ९:०० बजे,314,11.0,14.0,drckraut,Chandra Kant Raut,Chandra Kant,Raut
2022-12-26T09:56:25.000Z,text,"तपाई आफू चाहिँ सरकारमा नजाने भन्ने सञ्चाकर्मीहरुको प्रश्नमा कुरा गर्दै उनले भने, ‘म खासमा सांसदका लागि पनि योग्य मान्छे होइन, मन्त्रीको त परको कुरा भयो । परिस्थिति, बाध्यता र जिम्मेवारी अर्कै कुरा हो।",581,30.0,18.0,drckraut,Chandra Kant Raut,Chandra Kant,Raut
2022-12-25T16:01:33.000Z,image,"सत्ताको पहिलो क्लास आज - पहिलो क्लासमै यति धेरै ज्ञान र वितृष्णा होला जस्तो लागेको थिएन। बस म त सुनिरहें। 

काँधमा लाखौं जनताको अपेक्षा र जिम्मेबारी नभइदिने हो भने म कतिखेर राजनीतिबाट पनि सन्यास लिइसक्थें होला। 

तर आफैं जलेर, कालो खरानी बने पनि, उज्यालो पार्नु छ रे ! मेरो नियति।",3.2K,166.0,183.0,drckraut,Chandra Kant Raut,Chandra Kant,Raut
2022-12-24T16:08:45.000Z,text,Irony at the best: Oath in Madhesi riles Madhesi Commission,53,4.0,3.0,drckraut,Chandra Kant Raut,Chandra Kant,Raut
2022-12-24T07:19:34.000Z,image,गजेन्द्र नारायण सिंह #अस्पताल #राजबिराज सुधारको पहिलो कदम - जनताको सुझाव र सहयोगबाट नै यो सम्भव हुन सक्छ। #रेफरल_सेन्टरमा सिमित हुन पुगेको अस्पताललाई जोगाऔं।  #नि:शुल्क पाउनुपर्ने #औषधी पनि अस्पतालले विरामीलाई उपलब्ध गराएन भने त्यो पनि खबर गर्नुहोला🙏,330,29.0,16.0,drckraut,Chandra Kant Raut,Chandra Kant,Raut
2022-12-24T07:11:39.000Z,image,गजेन्द्र नारायण सिंह अस्पताल राजविराज सुधारको पहिलो कदम - जनताको सुझाव र सहयोगबाट नै यो सम्भव हुन सक्छ🙏,1.2K,101.0,57.0,drckraut,Chandra Kant Raut,Chandra Kant,Raut
2022-12-22T13:49:16.000Z,image,"आज #सपथग्रहण गरे पश्चात् ५ वटा कुराको लागि #पहल गर्न औपचारिक पत्र काटेको छु: 
(क) साक्षरता कार्यक्रम संचालन गर्न, 
(ख) सगरमाथा अञ्चल अस्पतालको सुधारको लागि, 
(ग) राजविराजमा हवाई उडान बढाउन र नियमित गर्न, 
(घ) औद्योगिक क्षेत्रलाई सुचारू गर्न, 
(ङ) थप मलखाद उपलब्ध गराउन।
जय जनमत।",467,44.0,44.0,drckraut,Chandra Kant Raut,Chandra Kant,Raut
2022-12-22T10:58:34.000Z,image,"मलाई मन परेको तस्वीर -  उत्पिडित र सीमान्तकृत वर्गको लागि संघर्ष सड्क, सदन र सरकार सहित तीनवटै मोर्चामा जारी रहन्छ✊",415,11.0,8.0,drckraut,Chandra Kant Raut,Chandra Kant,Raut
2022-12-07T18:30:38.000Z,image,भेटघाटले दिएको खुशी  - नेपाली साहित्यिक क्षेत्रका दुई मुर्धन्य  हस्तीहरू खगेन्द्र संग्रौला र कुमार नगरकोटीज्युको साथमा🙏,1.5K,41.0,60.0,drckraut,Chandra Kant Raut,Chandra Kant,Raut
2022-12-06T10:31:44.000Z,image,सम्माननीय राष्ट्रपतिज्यूसँग शिष्टाचार भेटघाट तथा देशको समसामयिक राजनीतिक निकासको विषयमा छलफल🙏,1.2K,35.0,53.0,drckraut,Chandra Kant Raut,Chandra Kant,Raut
2022-12-02T15:05:38.000Z,text,NTV मा डा. सी. के. राउतको #रोचक अन्तर्वार्ता - एकपटक अवश्य हेर्नुहोला🙏 अहिले NTV मा राती ८:४० बजे देखि।,109,7.0,3.0,drckraut,Chandra Kant Raut,Chandra Kant,Raut
2022-11-29T03:36:45.000Z,image,सप्तरी  - १ निर्वाचन क्षेत्रमा धाँधली भएका प्रमाणहरू। निर्वाचन आयोगले यसको छानबीन गरी पुन:निर्वाचन गराओस् अन्यथा यो परिणाम स्वीकार हुनेछैन।  ,158,20.0,8.0,drckraut,Chandra Kant Raut,Chandra Kant,Raut
2022-11-28T01:01:53.000Z,image,रोजगारीको सम्भावना पहिल्याउन औद्योगिक क्षेत्रको अनुगमन #drckraut #action,582,21.0,33.0,drckraut,Chandra Kant Raut,Chandra Kant,Raut
2022-11-27T12:58:37.000Z,image,"पहिला जस्तो आफ्नो सांसद्लाई कहाँ खोज्ने, कहाँ भेट्ने, कहाँ समस्या बताउने भनेर अब चिन्तित हुनुपर्दैन वा काठमाडौं गएर आफ्नो सांसद खोजिराख्नु पर्दैन । सप्तरी -२ को लागि संसदीय #जनसम्पर्क #कार्यालय, सम्पर्क नम्बर र #जनआवाज पेटिका आज राजबिराज कुनौली मोड नजिक स्थापित। #drckraut #action",1.5K,100.0,88.0,drckraut,Chandra Kant Raut,Chandra Kant,Raut
2022-11-25T03:23:59.000Z,image,जनताको घरदैलोमा र खेतबारीमा पुगेर धन्यवाद दिँदै। सप्तरीवासीले  देखाएको माया अपार छ र  यसको प्रभाव दूरगामी छ🙏,1.3K,69.0,96.0,drckraut,Chandra Kant Raut,Chandra Kant,Raut
2022-11-24T15:53:25.000Z,image,मधेशको राजनीतिमा नयाँ युगको शुरुवात् - डा. सी. के. राउत,673,71.0,83.0,drckraut,Chandra Kant Raut,Chandra Kant,Raut
2022-11-21T09:07:13.000Z,image,"सप्तरी २: हर्न २४०२, छाता ७६८, साइकल ५५०",106,12.0,12.0,drckraut,Chandra Kant Raut,Chandra Kant,Raut
2022-11-21T06:29:28.000Z,image,Saptari-2,382,27.0,46.0,drckraut,Chandra Kant Raut,Chandra Kant,Raut
2022-11-21T05:44:35.000Z,image,मत परिणाम सप्तरी २,268,17.0,44.0,drckraut,Chandra Kant Raut,Chandra Kant,Raut
2022-11-20T13:27:45.000Z,image,"सप्तरी-२ को #हाटी बूथमा मोटरसाइकलमा आगो लगाउनुका साथै झडप, #झल्ही बूथमा प्रतिनिधिसभाको मतपत्र  दर्जनौं मतदातालाई (आधिकारिक सूची अनुसार ३९) नदिएको तथा राती अबेरसम्म फर्जी मत खसाइएको, #फर्सैठ बूथमा प्रतिनिधिसभाको लागि रुजुगरिएभन्दा ११ मत बढी खसेको तथा माओवादी र जसपाबीच झडप ",70,15.0,4.0,drckraut,Chandra Kant Raut,Chandra Kant,Raut
2022-11-19T13:32:56.000Z,text,"सप्तरी-२ का ६८ बूथ मध्ये  बूथ-कब्जा/लूटने #प्रबल सम्भावना: लालापट्टी, हाटी, मोहनपुर, महुवा, डढहा, बथनाहा (तैयारी नै त्यस्तै देखिएको)।
केही सम्भावना: बरही, वीरपुर, मलेठ, झलही, फर्सैठ, पिपराही, देउरी भरूवा, बोरिया।
सूची निर्वाचन कार्यालयलाई उपलब्ध गराएको छु।  ",179,34.0,11.0,drckraut,Chandra Kant Raut,Chandra Kant,Raut
2022-11-11T00:45:19.000Z,video,"प्रहरी संरक्षणमा जसपाले  डिजे बजाएर प्रचार गर्न हुने, लाखौं झण्डा तोरण झुन्ड्याउन हुने, गाडीको लहरै लगाएर जसपाको अध्यक्ष घुम्न हुने, खसी ढालेर गाउँगाउँमा भोजभत्तेर गर्न हुने, पैसा बाँड्न हुने, तर जनमतले बाइकमा प्रचार गर्न नहुने! जनमतलाई प्रचारप्रसारमा रोक   ",146,28.0,12.0,drckraut,Chandra Kant Raut,Chandra Kant,Raut
2022-11-10T00:22:28.000Z,video,"प्रहरी संरक्षणमा जसपाले  डिजे बजाएर प्रचार गर्न हुने, लाखौं झण्डा तोरण झुन्ड्याउन हुने, गाडीको लहरै लगाएर जसपाको अध्यक्ष घुम्न हुने, खसी ढालेर गाउँगाउँमा भोजभत्तेर गर्न हुने, पैसा बाँड्न हुने, तर जनमतले बाइकमा प्रचार गर्न नहुने! जनमतलाई प्रचारप्रसारमा रोक   ",73,12.0,7.0,drckraut,Chandra Kant Raut,Chandra Kant,Raut
2022-10-23T07:47:19.000Z,text,मनोनयन दर्ताको क्रममा सयौंभन्दा बढी मान्छेको भीड जम्मा भयो भनेर निर्वाचन आयोगलाई मलाई स्पष्टीकरण सोध्यो। ठीक। के यहीं अरू उम्मेदबारहरूको र्‍यालीमा २५ जनाभन्दा बढी थिएन र त्यो आचारसंहिताको उल्लंघन थिएन? आयोगको पूर्वाग्रह यहींबाट स्पष्ट हुँदैन?  ,46,5.0,4.0,drckraut,Chandra Kant Raut,Chandra Kant,Raut
2022-10-23T07:39:26.000Z,image,"आचारसंहिता प्रशासनमा पहुँच नहुने दललाई मात्रै लाग्ने हो। सबै ""ठूला"" दलले सभा गरेकै छन्, र्‍याली निकालेकै छन्, ठूला-ठूला वैनर र पर्चापम्पलेट टाँसेकै छन्, मासुभात फ्री गरेकै छन्, पैसा बाँडेकै छन्। निर्वाचन आयोग र प्रशासन उनको खल्तीको कुरा भएपछि।   ",37,5.0,0.0,drckraut,Chandra Kant Raut,Chandra Kant,Raut
2022-08-31T08:05:19.000Z,image,बाँके जिल्लाको जानकी गाउँपालिकाको पिपरहवा चौकमा  डा. सी के राउतको समुपस्थितिमा  श्रद्धाञ्जलि सभा शुरु हुँदै। वीर शहीद  राममनोहर यादव  प्रति भावपूर्ण श्रद्धाञ्जलि 🙏 वीर शहीद राममनोहर यादव अमर रहे🙏,48,7.0,8.0,drckraut,Chandra Kant Raut,Chandra Kant,Raut
2022-08-29T10:55:21.000Z,image,"जसपाको अनुशासन आयोगका राष्ट्रिय अध्यक्ष तथा  नेपाल सदभावना पार्टीका पूर्व राष्ट्रिय उपाध्यक्ष एवम्‌ सभासद् श्री #नरसिंह #चौधरी,   जसपाका केन्द्रीय सदस्य तथा लुम्बिनी सांस्कृतिक नगरपालिकाका पूर्व #मेयर श्री #मनमोहन #चौधरी सहित दर्जनौ नेता कार्यकर्ता #जनमत पार्टी प्रवेश ।",51,9.0,6.0,drckraut,Chandra Kant Raut,Chandra Kant,Raut
2022-08-26T04:42:03.000Z,image,"जनमत पार्टी #समानुपातिक तर्फबाट पनि आज निर्वाचन आयोगमा १ नं. मा दर्ता। सबैलाई बधाई छ

जनमत पार्टी - जिन्दाबाद !
लाउडस्पीकर हर्न छाप - जिन्दाबाद ! 📢📢📢
#Vote4Vision #Vote4Action #NoCorruption",37,3.0,4.0,drckraut,Chandra Kant Raut,Chandra Kant,Raut
2022-08-25T15:58:36.000Z,image,"तिलाठी कोइलाडी गाउँपालिकाका पूर्व अध्यक्ष श्री सतिश कुमार सिंहज्युको नेतृत्वमा विशाल पार्टी प्रवेश, सप्तरीको निर्वाचन क्षेत्र २(क), तिलाठी कोइलाडी। 

 📢📢📢
जनमत पार्टी - जिन्दाबाद !
लाउडस्पीकर हर्न छाप - जिन्दाबाद ! 📢📢📢
#Vote4Vision #Vote4Action 
#भ्रष्टाचारी_नहीं #भिजनरी",42,7.0,2.0,drckraut,Chandra Kant Raut,Chandra Kant,Raut
2022-08-16T13:57:27.000Z,image,"नागरिकता विधेयक फिर्ता गरेकोमा #जनमत पार्टी द्वारा विरोध प्रदर्शन श्रावण ३१ गते, #जनकपुरधाम, धनुषा",67,8.0,1.0,drckraut,Chandra Kant Raut,Chandra Kant,Raut
2022-08-15T11:47:18.000Z,image,"नागरिकता विधेयक फिर्ता गरेकोमा जनमत पार्टी द्वारा विरोध प्रदर्शन तथा चक्काजाम, श्रावण 30 गते, सिरहा, गोलबजार",45,5.0,4.0,drckraut,Chandra Kant Raut,Chandra Kant,Raut
2022-08-15T11:32:58.000Z,video,"नागरिकता विधेयक फिर्ता गरेकोमा #जनमत पार्टी द्वारा विरोध प्रदर्शन तथा चक्काजाम, श्रावण 30 गते, सिरहा, गोलबजार",70,11.0,11.0,drckraut,Chandra Kant Raut,Chandra Kant,Raut
2022-08-14T08:11:34.000Z,image,"जनमत पार्टी र पिछडावर्ग #निषाद दलित जनजाति पार्टी बीच एउटै चुनाव चिन्ह #लाउडस्पीकर हर्न 📢 छाप लिएर आगामी निर्वाचनमा जाने सहमति, विराटनगर।

चुनावी घोषणापत्रमा पिछडावर्ग निषाद दलित जनजाति पार्टीको नाम र  निषाद जातिको सूचीकरण सहितका एजेण्डा समावेश गरिने।",39,3.0,4.0,drckraut,Chandra Kant Raut,Chandra Kant,Raut
2022-08-07T05:55:07.000Z,image,"मंसीर ४ निर्वाचनको लागि जनमत पार्टी नम्बर १ मा दर्ता ! बधाई तथा शुभकामना  सबैलाई

अब की बार - सीके सरकार
जनमत पार्टी - जिन्दाबाद !📢📢📢

#Vote4Vision #Vote4Action",72,12.0,6.0,drckraut,Chandra Kant Raut,Chandra Kant,Raut
2022-07-16T03:05:30.000Z,text,"स्थानीय तहबाटै मतदाता नामावलीमा नाम दर्ता गराउन टोली खटाउनु पर्ने, विदेशमा रहेका योग्य मतदाताहरूले पनि दूतावासमा गएर वा अनलाइन दर्ता गराउन पाउनु पर्ने सहितका माग राखेर जनमत पार्टीले प्रदेश निर्वाचन कार्यालयमा ज्ञापन पत्र दिएको छ📢📢📢  ",46,7.0,3.0,drckraut,Chandra Kant Raut,Chandra Kant,Raut
2022-06-22T14:01:09.000Z,image,पेट्रोलियम पदार्थमा गरिएको अप्राकृतिक मूल्य वृद्धिको विरोधमा #जनमत पार्टीद्वारा #बाँके र #रुपन्देहीदेखि #धनुषा र #मोरङ्ग जिल्लामा #बुधबार समेत प्रदर्शन जारी,60,12.0,3.0,drckraut,Chandra Kant Raut,Chandra Kant,Raut
2022-05-17T08:07:49.000Z,image,"चार दिन भइसक्यो, मतपत्रले बच्चा दिएको होला नि त, हैन त  ? कि त मतपेटिका भित्र रूखको बीऊ उम्रियो होला!

""निर्वाचन अधिकृत देवी सुवेदीकाअनुसार ३२१५ कुल मतदाता रहेको यस वडामा २३९२ मत खसेको थियो। तर मतगणना गर्दै जाँदा ३१६३ सदर मत र ५२ बदर मत भेटिएको सुवेदीले बताए।""",52,5.0,6.0,drckraut,Chandra Kant Raut,Chandra Kant,Raut
2022-05-14T10:29:46.000Z,text,सर्लाही हरिपूर्वा वार्ड नं. १ मा जनमत पार्टी ३ मतले विजय हासिल गरे पनि निर्वाचन अधिकृतले घोषणा गर्न नमानेको र आनाकानी गरिराखेको खबर प्राप्त भएको छ ,83,10.0,6.0,drckraut,Chandra Kant Raut,Chandra Kant,Raut
2022-05-12T01:38:10.000Z,text,"सप्तरीको राजविराज, छिन्नमस्ता र सप्तकोशीमा हिजो  पैसा बाँड्नेलाई रङगेहात समाती प्रहरीलाई बुझाउँदा केही पर लगेर छाडिदिएको। उल्टा भिडियो बनाउने पत्रकारबाट मोबाइल समेत प्रहरीले खोसेको।सप्तरी प्रहरी र निर्वाचन अधिकृत स्पष्ट बेचिएको अनुभूति    ",37,7.0,0.0,drckraut,Chandra Kant Raut,Chandra Kant,Raut
2022-05-12T01:25:58.000Z,image,"जिप्रका सप्तरी हो कि जसपाको शाखा कार्यालय? जनमत पार्टीका उम्मेदबारमाथि हमला हुँदा, प्रचार-प्रसार गर्न र गाउँ छिर्न समेत निषेध गर्दा ज्ञापन-पत्र समेत बुझ्न नमान्ने।मिलेमतोमा  डा. सीके राउतको २७ गतेको सम्बोधन रोकेर सो ठाउँमा मन्त्रीद्वारा सभा।   ",24,7.0,0.0,drckraut,Chandra Kant Raut,Chandra Kant,Raut
2022-04-29T18:21:29.000Z,text,      ,21,2.0,5.0,drckraut,Chandra Kant Raut,Chandra Kant,Raut
2022-04-24T14:43:29.000Z,text,"जनमतले गुलरियामा आफ्ना प्रमुख, उपप्रमुखसहित उम्मेदवार उठाएको हो । प्रमुखमा मुग्रे गोडिया र उपप्रमुखमा मिना यादवलाई उम्मेदवार बनाएको छ । गुलरिया नपाको १२ वडामध्ये ११ वटा वडामा अध्यक्ष पदमा मनोनयन पत्र दर्ता भएको छ ।",28,6.0,0.0,drckraut,Chandra Kant Raut,Chandra Kant,Raut
2022-04-24T14:19:57.000Z,image,"भोलि #ताला बोकेरै जानेछौं

सत्ताधारी पार्टीको हलिया बनेर बसेका निर्वाचन अधिकृतले दर्ता प्रक्रियामा कतै आलटाल, पक्षपात र विभेद गर्यो भने त्यहीबाट #तालाबन्दी शुरु हुनेछ।

त्यतिले पुगेन भने जनताले #जनकारबाही पनि गर्नेछन्।

निष्पक्ष निर्वाचन गर - नभए कुनै निर्वाचन हुँदैन ",53,11.0,5.0,drckraut,Chandra Kant Raut,Chandra Kant,Raut
2022-04-24T14:13:11.000Z,image,निर्वाचन आयोग र  निर्वाचन अधिकृतहरूको पक्षपाती प्रक्रिया तथा विभेद बारे   ,34,6.0,0.0,drckraut,Chandra Kant Raut,Chandra Kant,Raut
2022-04-24T11:55:47.000Z,image,दुई दिन मध्ये कुनै दिन उम्मेदबार दर्ता गराउन सक्ने सूचना जारी हुँदाहुँदै पनि धेरै ठाउँमा १० बजे पुग्दा पनि निर्वाचन अधिकृतहरूले जनमत पार्टीको उम्मेदबारको दर्ता गर्न मानेनन् र भोलि आउन भने। #षड्यन्त्र ,46,12.0,3.0,drckraut,Chandra Kant Raut,Chandra Kant,Raut
2022-03-04T06:06:51.000Z,image,"मेरी आंखों में सावन घोल दिया... 

स्वामी आनन्द अरुणजी की सानिध्यता में बिताए गए हर पल अनमोल है, अविस्मरणीय है, रोमांचक है। अपने स्नेह की धारा बहाने की कृपा जो उन्होंने हम पर की है, उससे हम धन्य हो गये हैं।  

ओशो जेतवन, लुम्बिनी
२०७८ फाल्गुण १९",47,3.0,2.0,drckraut,Chandra Kant Raut,Chandra Kant,Raut
2022-03-04T02:25:04.000Z,image,"किसान आन्दोलन अन्तर्गत आज फाल्गुन २० गते जिल्ला निर्वाचन कार्यालयहरूमा शान्तिपूर्ण धर्ना । किसानको माग पूरा गर्ने तत्परता देखाऔं, अनि मात्र निर्वाचन गरौं। 

किसान आन्दोलन - जिन्दाबाद",55,10.0,2.0,drckraut,Chandra Kant Raut,Chandra Kant,Raut
2022-03-03T14:04:47.000Z,image,"जनमत पार्टीद्वारा निर्वाचन केन्द्रित प्रशिक्षण तथा भेटघाट कार्यक्रम, रुपन्देही, फाल्गुण 19 गते।

अब की बार - जनमत की सरकार📢📢📢",38,5.0,1.0,drckraut,Chandra Kant Raut,Chandra Kant,Raut
2022-03-02T12:49:11.000Z,image,"जनमत सभा, कपिलवस्तु महाराजगञ्ज 📢📢📢",36,4.0,0.0,drckraut,Chandra Kant Raut,Chandra Kant,Raut
2022-02-27T07:18:42.000Z,image,"जितेपछि आफू  गाउँ नजाने, अनि हामी गाउँगाउँ पुग्दा र जनलहर उठ्दा बर्दियाका छोटेराजामा त्रास फैलिनु स्वभाविक। प्रहरी प्रशासनको दुरुपयोग। निर्वाचन आचारसंहिता लागू भएको छैन, प्रचार गर्न पाइँदैन ! भनेर प्रहरीद्वारा जनमत माटो यात्रा रोक्ने प्रयास।    ",50,5.0,4.0,drckraut,Chandra Kant Raut,Chandra Kant,Raut
2022-02-26T17:05:22.000Z,image,बर्दिया जिल्लामा जनमत माटो यात्राको दोस्रो दिन 📢📢📢,46,7.0,0.0,drckraut,Chandra Kant Raut,Chandra Kant,Raut
2022-02-25T10:33:23.000Z,image,"बर्दियामा जनमत माटो यात्राको उद्घाटन कार्यक्रम, फाल्गुन १३।",46,5.0,0.0,drckraut,Chandra Kant Raut,Chandra Kant,Raut
2022-02-22T03:54:26.000Z,image,"फाल्गुन १० गते किसान आन्दोलनको कार्यक्रम अन्तर्गत जिल्ला निर्वाचन कार्यालयमा ज्ञापन-पत्र दिइने। माग पूरा गर्ने तत्परता देखाऊ, अनि निर्वाचन गर। 

पहल नभए फाल्गुन २० गतेदेखि स्थानीय/जिल्ला निर्वाचन कार्यालयमा तालाबन्दी गरिने।

   ",26,2.0,1.0,drckraut,Chandra Kant Raut,Chandra Kant,Raut
2022-02-19T11:40:00.000Z,image,जनमत माटो यात्राको दोस्रो चरण आज  फाल्गुन 7 गते  बाँकेको जानकी गाउँपालिकाबाट सुरु🙏🙏🙏,45,7.0,2.0,drckraut,Chandra Kant Raut,Chandra Kant,Raut
2022-02-19T03:55:45.000Z,text,"एउटा पर्चा फेला पर्यो वा 'डा. सीके राउतलाई रिहा गर' लेखेको प्लाकार्ड फेला पर्यो भनेर सैकडौंमाथि मुद्दा दर्ता गरी #जन्मकैद माग्ने कुन प्रजातन्त्र?  खसतन्त्र गएपछि जब इतिहास पढनेछन्, अनि मान्छे जिब्रो टोक्दै भन्नेछन् - बाबै त्यस्तो राणाकालभन्दा पनि खत्तम र क्रूर थियो है ! (3/3)",39,6.0,1.0,drckraut,Chandra Kant Raut,Chandra Kant,Raut
2022-02-17T10:45:18.000Z,image,स्थानिय निर्वाचन २०७९ मा भाग लिनका लागि जनमत पार्टीले निर्वाचन आयोगमा आज दल दर्ता गराएको छ📢📢📢,66,6.0,6.0,drckraut,Chandra Kant Raut,Chandra Kant,Raut
2022-02-16T12:00:22.000Z,image,"संसद् खुलेको छ - माननीय सांसद्हरूले विधेयक ल्याएर किसान आन्दोलनको मुद्दा सम्बोधन गर्ने तत्परता देखाऊन्। अन्यथा सांसद्हरू समेतको कार्यक्रम अवरूद्ध गर्न वाध्य हुनेछौं - मन्त्रीज्यूहरू त यता देखिनै छाड्नुभयो।

किसान आन्दोलन - जिन्दाबाद !",41,6.0,2.0,drckraut,Chandra Kant Raut,Chandra Kant,Raut
2022-02-15T03:31:41.000Z,video,"किसान आन्दोलन जारी छ - र माग पूरा नभएसम्म जारी रहनेछ। किसान आन्दोलन सम्बन्धी जानकारी यो ठाउँमा उपलब्ध हुनेछ: 


#nepalfarmersmovement",36,6.0,2.0,drckraut,Chandra Kant Raut,Chandra Kant,Raut
2022-02-13T13:45:33.000Z,image,२०७८ फाल्गुन १ गते: किसान आन्दोलनका थप कार्यक्रमहरू✊✊✊,46,6.0,6.0,drckraut,Chandra Kant Raut,Chandra Kant,Raut
2022-02-13T13:35:46.000Z,image,"किसान आन्दोलनको क्रममा राज्यबाट भएको दमनको विषयमा राष्ट्रिय मानव अधिकार आयोगलाई जानकारी दिँदै। आज: आयोगका माननीय सदस्य मिहिर ठाकुर, प्रवक्ता डा. टीकाराम पोखरेल सहितलाई। केही समय अगाडि: आयोगको जनकपुर शाखाका निर्देशक वीर बहादुर बुढामगर सहितका मानवअधिकारकर्मीहरूलाई जानकारी दिँदै।",42,6.0,2.0,drckraut,Chandra Kant Raut,Chandra Kant,Raut
2022-02-11T10:04:29.000Z,image,"माननीय गृहमन्त्री बालकृष्ण खाँणज्यूसँग उच्च स्तरीय समिति गठन सहित किसान आन्दोलनको मुद्दाको सम्बोधनको विषयमा छलफल गर्नुहुँदै जनमत पार्टीका उपाध्यक्ष श्री नरेन्द्र चौधरी र महासचिव श्री चन्दन सिंह।

किसान आन्दोलन - जिन्दाबाद !",58,6.0,3.0,drckraut,Chandra Kant Raut,Chandra Kant,Raut
2022-02-09T17:59:40.000Z,image,"'भूमिहिनलाई लालपुर्जा बितरण गर्नु स्वागतयोग्य छ, कार्यक्रममा कुनै हस्तक्षेप छैन,' एक आन्दोलनकारीले भने 'करिब डेढ महिनादेखि हाम्रो आन्दोलन जारी रहे पनि सरकार नसुनेकोले हामी मन्त्री आउने कार्यक्रममा विरोध स्वरुप पुतला दहन तथा कालो झण्डा प्रदर्शन गरेका छौं'",27,3.0,0.0,drckraut,Chandra Kant Raut,Chandra Kant,Raut
2022-02-09T17:59:24.000Z,text,"'भूमिहिनलाई लालपुर्जा बितरण गर्नु स्वागतयोग्य छ, कार्यक्रममा कुनै हस्तक्षेप छैन,' एक आन्दोलनकारीले भने 'करिब डेढ महिनादेखि हाम्रो आन्दोलन जारी रहे पनि सरकार नसुनेकोले हामी मन्त्री आउने कार्यक्रममा विरोध स्वरुप पुतला दहन तथा कालो झण्डा प्रदर्शन गरेका छौं' ",18,1.0,0.0,drckraut,Chandra Kant Raut,Chandra Kant,Raut
2022-02-09T17:52:17.000Z,image,"‘हाम्रो पार्टीको झण्डामा अष्टदल छ । जनमत पार्टी सम्यक् क्रान्ति अनुसार अगाडि बढ्छ । सम्यक क्रान्तिमा आठवटा आयाम छ ।’ उनले भने,‘राजनीतिक, आर्थिक, सामाजिक,  सांस्कृतिक, शैक्षिक, वैचारिक, वातावरणीय,  आध्यात्मिक लगायतको क्रान्ति हुनेछ ।’  @पत्रकार सम्मेलन, माघ २६",52,8.0,5.0,drckraut,Chandra Kant Raut,Chandra Kant,Raut
2022-02-03T03:29:56.000Z,image,"भैंसी र कृषिमन्त्रीमा केही फरक त हुनु पर्छ !
",50,4.0,3.0,drckraut,Chandra Kant Raut,Chandra Kant,Raut
2022-02-03T02:25:57.000Z,image,"आज माघ २० देखि लोकमार्ग दिवाकालीन् बन्द - किसान आन्दोलन जिन्दाबाद !

किसानको माग पूरा गर!!📢📢📢",40,6.0,1.0,drckraut,Chandra Kant Raut,Chandra Kant,Raut
2022-02-02T16:25:14.000Z,text,किसान आन्दोलनबारे केही टिप्पणीहरूको जवाब,16,2.0,0.0,drckraut,Chandra Kant Raut,Chandra Kant,Raut
2022-02-02T13:33:27.000Z,image,"माघ १९ गते झापादेखि बर्दियासम्म किसान आन्दोलनको मशाल जुलुस। माघ २० गतेदेखि हाएवे बन्द गरिने। सबै जिल्लाको अपडेट हेर्न  

किसान आन्दोलन - जिन्दाबाद !",44,2.0,3.0,drckraut,Chandra Kant Raut,Chandra Kant,Raut
2022-02-02T02:41:20.000Z,image,"माघ १९ गते: किसान आन्दोलन अन्तर्गत #मशाल जुलुस, माघ २० गतेदेखि #हाइवे_बन्द
किसान आन्दोलन - जिन्दाबाद !📢📢📢",34,2.0,1.0,drckraut,Chandra Kant Raut,Chandra Kant,Raut
2022-01-31T12:40:52.000Z,image,"कोशी गाउँपालिकामा भएको भ्रष्टाचारको विरोध गर्दा गाउँपालिका अध्यक्षद्वारा कुटपीट र प्रहरी बोलाएर पक्राऊ ।

कोशी गाउँपालिकाको भ्रष्टाचारसम्बन्धी विवाद के हो ?

 ",22,4.0,2.0,drckraut,Chandra Kant Raut,Chandra Kant,Raut
2022-01-26T07:00:14.000Z,video,"प्रहरी वर्दीको दम्भ। जनकपुर, माघ १२ गते। किसान आन्दोलन - जिन्दाबाद !     ",61,10.0,13.0,drckraut,Chandra Kant Raut,Chandra Kant,Raut
2022-01-26T02:19:57.000Z,image,"पहिला खाद देऊ, अनि भोट खसाऊ

स्थानीय निर्वाचन घोषणा गर
अनि राष्ट्रिय सभा निर्वाचन गर

संविधान र लोकतन्त्र मास्न पाइँदैन",41,5.0,1.0,drckraut,Chandra Kant Raut,Chandra Kant,Raut
2022-01-26T00:45:48.000Z,image,"मधेश विगत एक महिनादेखि आन्दोलित छ। किसानहरू चिसोमा हरेक दिन आफ्ना माग राखेर आन्दोलन गर्न सडकमा उत्रिन्छन्। तर त्यो चाहिँ तीनै तहको सरकारले नदेख्ने अनि मधेशमा आएर निर्वाचन गराउने? काठमाडौंमा बोलाएर निर्वाचन गर्न लगाउनुस्, हामीलाई मतलब छैन, तर मधेश आन्दोलित छ।",62,5.0,8.0,drckraut,Chandra Kant Raut,Chandra Kant,Raut
2022-01-24T08:33:05.000Z,image,किसान आन्दोलन - जिन्दाबाद !,75,7.0,5.0,drckraut,Chandra Kant Raut,Chandra Kant,Raut
2022-01-23T03:22:05.000Z,image,कालो झंडा बरदाश्त गर्न नसक्ने फोरम/जसपाले आन्दोलनको नाममा के-के गरेका थिए ?,66,11.0,2.0,drckraut,Chandra Kant Raut,Chandra Kant,Raut
2022-01-23T02:40:47.000Z,image,"किसान आन्दोलनमा  #बाल्टिन_जुलुस।  सिंचाईको व्यवस्था गर, नसके कृषि बिजुली नि:शुल्क गर। सबै जिल्लाको आन्दोलन अपडेट हेर्न:  

किसान आन्दोलन - जिन्दाबाद !",51,4.0,3.0,drckraut,Chandra Kant Raut,Chandra Kant,Raut
2022-01-22T10:49:47.000Z,text,किसान आन्दोलन विरोधी जसपाको आतंकको श्रंखला,29,7.0,2.0,drckraut,Chandra Kant Raut,Chandra Kant,Raut
2022-01-22T03:16:33.000Z,image,मलखादको व्यवस्था गर नाराका साथ माघ ७ गते किसान आन्दोलनको  खाली बोरा जुलुस। सबै जिल्लाको अपडेट हेर्न: ,42,5.0,0.0,drckraut,Chandra Kant Raut,Chandra Kant,Raut
2022-01-21T15:15:06.000Z,text,गौरकांड झैं नरसंहार गरिदिने र घेराऊ हालेर हत्या गरिदिने संघीय मन्त्रीको घोषणाको ४८ घंटा बितिसक्दा पनि मंत्री परिषद्‍बाट कुनै स्पष्टीकरण नआए पछि यसलाई नेपाल सरकारकै #आधिकारिक #घोषणा मान्नै पर्ने भयो। प्रहरीबाट सुरक्षाको आश भएन। अब आफ्नो आत्मरक्षा गर्दा कसैले आपत्ति नमान्नुहोला।,321,57.0,40.0,drckraut,Chandra Kant Raut,Chandra Kant,Raut
2022-01-14T14:57:04.000Z,video,"मासूम हम रह गये गौरेये को उडाते
लूट कर हमें तो यह सरकार ले गई
#ईँजोड 
पौष ३० गतेको किसान महारैलीमा सम्बोधन, सिरहा।",31,4.0,1.0,drckraut,Chandra Kant Raut,Chandra Kant,Raut
2022-01-14T13:55:27.000Z,video,"किसान महारैलीमा जनमत पार्टीका अध्यक्ष डा. सी. के. राउत, सिरहा बजार, सिरहा, पौष ३० गते",57,10.0,7.0,drckraut,Chandra Kant Raut,Chandra Kant,Raut
2022-01-14T12:30:18.000Z,image,किसान महारैली - पौष 30 #राजबिराज,34,4.0,2.0,drckraut,Chandra Kant Raut,Chandra Kant,Raut
2022-01-14T12:28:36.000Z,image,किसान महारैली - पौष 30 #जनकपुर,29,4.0,1.0,drckraut,Chandra Kant Raut,Chandra Kant,Raut
2022-01-14T12:26:59.000Z,image,किसान महारैली - पौष 30 #भैरहवा,39,5.0,1.0,drckraut,Chandra Kant Raut,Chandra Kant,Raut
2022-01-14T12:14:15.000Z,image,किसान महारैली - पौष 30 सिरहा,36,4.0,1.0,drckraut,Chandra Kant Raut,Chandra Kant,Raut
2022-01-14T03:03:51.000Z,image,शुभ-प्रभात। #ऐतिहासिक #किसान_महारैली आज झापादेखि बर्दिया तथा काठमाडौंमा #आज #पौष_३० गते #शुक्रबार निस्किन गइराखेको छ। सम्पूर्ण जनतासँग सहभागी हुन हार्दिक अनुरोध गर्दछौं। भविष्यमा गर्व गर्न सकिने यस ऐतिहासिक परिघटनामा सामित हुने अवसरबाट नचुकौं🙏🙏🙏,61,6.0,6.0,drckraut,Chandra Kant Raut,Chandra Kant,Raut
2022-01-13T07:53:25.000Z,video,"जो घर में छूपे हैं देखें वे यह वीरों का दौर
तलवार वे भी चलाने लगे जिनके हाथ नहीं  ।
घुटने बल पर जो लडते रहे सियासतों से
गवाही है हथसवारों के झूठे इतिहास की ।
🙏🙏🙏वीर योद्धा को सलाम !🙏🙏🙏
#notcopied",33,3.0,1.0,drckraut,Chandra Kant Raut,Chandra Kant,Raut
2022-01-08T11:03:26.000Z,image,"किसान का बेटा हूँ मैं
मिट्टी और रेत परखना जानता हूँ
सियासत में जब गुरूर हो तो उसे
जमीन पर भी पटकना जानता हूँ🤼

जनकपुरको बारहबिघामा आज पौष २४ गते शनिबार नेपाल र भारतका प्रतियोगीहरूको सहभागितामा भइराखेको रेस्लिङ्ग प्रतियोगिताको सफलताको लागि शुभकामना।",41,3.0,3.0,drckraut,Chandra Kant Raut,Chandra Kant,Raut
2022-01-08T04:28:05.000Z,video,किसान आन्दोलन पौष २३ सिरहा,63,10.0,3.0,drckraut,Chandra Kant Raut,Chandra Kant,Raut
2022-01-07T14:28:26.000Z,image,"किसान आन्दोलन १५ औं दिन पौष २३ गतेको विभिन्न जिल्लामा भएको गतिविधिको अपडेट हेर्न 

किसान आन्दोलन - जिन्दाबाद !
जनमत पार्टी - जिन्दाबाद !",29,6.0,3.0,drckraut,Chandra Kant Raut,Chandra Kant,Raut
2022-01-07T13:43:58.000Z,image,"बहाने ढूंढते
तो मिल जाते मुझे भी हजारों
पर वीर हूँ मैं
सो रुका ना पैर कभी हमारो

कोटि कोटि नमन इन वीर योद्धाओं को।  🙏🙏🙏
किसान आन्दोलन - जिन्दाबाद 📢📢📢",34,4.0,1.0,drckraut,Chandra Kant Raut,Chandra Kant,Raut
2022-01-07T11:06:24.000Z,image,"छोटेराजाले कतै दरबारमा पस्न दिएन त कतै किल्ला छाडेरै भागे।
 
आइतबारसम्म हरेक पालिकामा किसान आन्दोलनको माग सम्बन्धी ध्यानाकर्षण-पत्र दिने कार्यक्रम अन्तर्गत पौष २३ ज्ञापन पत्र दिन जाँदा।

किसान आन्दोलन - जिन्दाबाद !",26,5.0,0.0,drckraut,Chandra Kant Raut,Chandra Kant,Raut
2022-01-07T09:38:05.000Z,image,"सिरहा सदरमुकाम - किसान आन्दोलनको १५औं दिन पौष २३ गते📢📢📢
(आइतबारसम्म हरेक पालिकामा किसान आन्दोलनको माग सम्बन्धी ध्यानाकर्षण-पत्र दिने कार्यक्रम रहेको छ)",31,5.0,1.0,drckraut,Chandra Kant Raut,Chandra Kant,Raut
2022-01-07T05:10:37.000Z,image,"सप्तरी CDO/SP द्वारा ज्ञापन-पत्र बुझ्न अस्वीकार

जिप्रका सप्तरी #जसपा को निजी सम्पत्ति हो कि आमजनताको सेवा र सुरक्षाको लागि हो, जवाब दिनुपर्छ। कुनै पार्टी विशेषको निर्देशनमा चल्नु र प्रहरी संरचनाको यसरी दुरुपयोग हुनु मुलुककै दुर्भाग्य। 
  ",34,5.0,1.0,drckraut,Chandra Kant Raut,Chandra Kant,Raut
2022-01-06T17:59:43.000Z,image,"जसपाका नेताको भाई DSP रामकुमार यादवले सप्तरीमा घर-घर पसेर महिलालाई कुटेको, टाउको फोडेको र मचाएको  ताण्डव, हसिँया लिएर आक्रमण गर्ने वडाअध्यक्ष पक्राऊ नपरेको, जसपाको ईशारामा निर्दोषलाई पक्रेर #यातना बारे ज्ञापनपत्र CDO/SP द्वारा लिन अस्वीकार   ",48,13.0,1.0,drckraut,Chandra Kant Raut,Chandra Kant,Raut
2022-01-06T13:45:45.000Z,image,किसान आन्दोलन १४औं दिन - पौष २२ गते विभिन्न जिल्लामा भएका गतिविधि हेर्न ,35,2.0,4.0,drckraut,Chandra Kant Raut,Chandra Kant,Raut
2022-01-05T14:02:47.000Z,video,किसान आन्दोलन किन ?,55,15.0,7.0,drckraut,Chandra Kant Raut,Chandra Kant,Raut
2022-01-03T00:27:54.000Z,image,"गोली लागेका आन्दोलनकारी अस्पतालको बेडबाटै डा. सी. के. राउतलाई भने - खुट्टामा मात्रै हैन, छातीमै गोली खान तैयार छौं, यो राक्षसी राजको अन्त्य हुनेछ।

गोली लागेर घाइते ५ जना, अन्य दर्जनौं घाइते - दुई जनाको स्थिति गम्भीर.

किसान आन्दोलन, धनुषा पौष १८।",44,8.0,7.0,drckraut,Chandra Kant Raut,Chandra Kant,Raut
2022-01-02T13:44:03.000Z,image,"पौष १८ गते #आइतबार, बेलुका ९ बजे, Himalaya TV मा डा. सी. के. राउत वरिष्ठ पत्रकार राजेन्द्र बानियाँका साथमा कार्यक्रम #यक्षप्रश्न मा",57,8.0,6.0,drckraut,Chandra Kant Raut,Chandra Kant,Raut
2022-01-02T06:59:33.000Z,video,"चिल्ला कारको चिन्ता हुने, उद्योगपतिको ट्रकको चिन्ता हुने तर करोडौं किसानको भोका छोराछोरीको चिन्ता नहुने ? #किसानआन्दोलन",50,8.0,3.0,drckraut,Chandra Kant Raut,Chandra Kant,Raut
2022-01-01T14:07:01.000Z,image,झापादेखि बर्दियासम्म #किसान आन्दोलनका दृश्यहरू - पौष १७ गते शनिबार,52,10.0,9.0,drckraut,Chandra Kant Raut,Chandra Kant,Raut
