tweet_id,username,name,first_name,last_name,full_text,view_count,bookmark_count,favorite_count,reply_count,retweet_count,quote_count,bookmarked,favorited,retweeted,user_mentions,url_mentions,is_quote_status,lang,bio,website,websites,followers_count,following_count,media_count,statuses_count,favourites_count,listed_count,fast_followers_count,normal_followers_count,can_dm,can_media_tag,profile_banner_url,profile_url,avatar_url,verified,is_blue_verified,user_created_at,created_at
1.77897e+18,dolprasadaryal,Dol Prasad Aryal,Dol Prasad,ARYAL,हार्दिक शुभकामना ।। https://t.co/ffdEc0aBTg,921,0,32,4,3,0,False,False,False,"""""","""""",False,hi,"Minister, Ministry of Labour, Employment and Social Security; Vice President of National Independent Party",https://dparyal.com.np,https://dparyal.com.np,3111,74,140,177,17,3,0,3111,False,True,https://pbs.twimg.com/profile_banners/1566851965757571072/1662402343,https://www.twitter.com/dolprasadaryal,https://pbs.twimg.com/profile_images/1566852370612776960/v0wv1Tha_normal.jpg,False,False,"9/5/2022, 11:58:34 PM","4/13/2024, 7:46:46 AM"
1.77823e+18,dolprasadaryal,Dol Prasad Aryal,Dol Prasad,ARYAL,"देश बिदेश मा रहनु भएका सम्पूर्ण इस्लाम धर्मावलम्बीहरुलाई ईद-उल-फ़ित्र को सुभकामना, यस पर्व ले रास्ट्रिय एकता, अखण्डता, आपसी मित्रता, सामाजिक र सांस्कृतिक सदभाव क़ायम रहोस !! https://t.co/rDIvCGvOsm",471,0,21,0,4,0,False,False,False,"""""","""""",False,ne,"Minister, Ministry of Labour, Employment and Social Security; Vice President of National Independent Party",https://dparyal.com.np,https://dparyal.com.np,3111,74,140,177,17,3,0,3111,False,True,https://pbs.twimg.com/profile_banners/1566851965757571072/1662402343,https://www.twitter.com/dolprasadaryal,https://pbs.twimg.com/profile_images/1566852370612776960/v0wv1Tha_normal.jpg,False,False,"9/5/2022, 11:58:34 PM","4/11/2024, 6:46:43 AM"
1.77406e+18,dolprasadaryal,Dol Prasad Aryal,Dol Prasad,ARYAL,देशभित्रै रोजगारी कसरी सिर्जना गर्न सकिन्छ ? युवाहरूलाई सीप कसरी सिकाउन सकिन्छ ?? अध्यन गर्ने मौका मिलाउनु भएकोमा धन्यवाद ।। https://t.co/OEysB3565L,1061,0,46,1,3,0,False,False,False,"""""","""""",False,ne,"Minister, Ministry of Labour, Employment and Social Security; Vice President of National Independent Party",https://dparyal.com.np,https://dparyal.com.np,3111,74,140,177,17,3,0,3111,False,True,https://pbs.twimg.com/profile_banners/1566851965757571072/1662402343,https://www.twitter.com/dolprasadaryal,https://pbs.twimg.com/profile_images/1566852370612776960/v0wv1Tha_normal.jpg,False,False,"9/5/2022, 11:58:34 PM","3/30/2024, 6:46:58 PM"
1.77175e+18,dolprasadaryal,Dol Prasad Aryal,Dol Prasad,ARYAL,"रंगहरुको चाड, खुशी र उमंगको उत्सव फागु पूर्णिमा(होली) को उपलक्ष्यमा स्वदेश तथा बिदेशमा रहनुहुने सबैमा हार्दिक मंगलमय शुभकामना ! https://t.co/QGhnlQyQ4z",1132,0,49,5,4,0,False,False,False,"""""","""""",False,ne,"Minister, Ministry of Labour, Employment and Social Security; Vice President of National Independent Party",https://dparyal.com.np,https://dparyal.com.np,3111,74,140,177,17,3,0,3111,False,True,https://pbs.twimg.com/profile_banners/1566851965757571072/1662402343,https://www.twitter.com/dolprasadaryal,https://pbs.twimg.com/profile_images/1566852370612776960/v0wv1Tha_normal.jpg,False,False,"9/5/2022, 11:58:34 PM","3/24/2024, 10:05:41 AM"
1.76973e+18,dolprasadaryal,Dol Prasad Aryal,Dol Prasad,ARYAL,"Thank you so much to the director of @ILO_Nepal for their presence in the ministry. With the discussion we had today, the whole ministry looks forward to advancing labor standards and ensuring social security as well as bear fruit for prosperity for all through joint efforts.",3198,0,55,7,6,3,False,False,False,ILO_Nepal,"""""",True,en,"Minister, Ministry of Labour, Employment and Social Security; Vice President of National Independent Party",https://dparyal.com.np,https://dparyal.com.np,3111,74,140,177,17,3,0,3111,False,True,https://pbs.twimg.com/profile_banners/1566851965757571072/1662402343,https://www.twitter.com/dolprasadaryal,https://pbs.twimg.com/profile_images/1566852370612776960/v0wv1Tha_normal.jpg,False,False,"9/5/2022, 11:58:34 PM","3/18/2024, 8:03:29 PM"
1.76339e+18,dolprasadaryal,Dol Prasad Aryal,Dol Prasad,ARYAL,"राष्ट्रिय स्वतन्त्र पार्टी (रास्वपा) ले उपनिर्वाचन लक्षित गरेर ६ सांसदलाई ६ पालिकामा पठाउने भएको छ।
फागुन १८ गते साँझ पुग्ने, १९ गते इलाममै रहने र २० गते बिहान काठमाडौं फर्किने। https://t.co/tUFtXROyTt",1419,0,36,5,6,0,False,False,False,"""""","""""",False,ne,"Minister, Ministry of Labour, Employment and Social Security; Vice President of National Independent Party",https://dparyal.com.np,https://dparyal.com.np,3111,74,140,177,17,3,0,3111,False,True,https://pbs.twimg.com/profile_banners/1566851965757571072/1662402343,https://www.twitter.com/dolprasadaryal,https://pbs.twimg.com/profile_images/1566852370612776960/v0wv1Tha_normal.jpg,False,False,"9/5/2022, 11:58:34 PM","3/1/2024, 8:06:41 AM"
1.76053e+18,dolprasadaryal,Dol Prasad Aryal,Dol Prasad,ARYAL,१२ गते शनिबार कपिलवस्तु मा सबैलाई हार्दिक निमन्त्रणा ।। https://t.co/QH9hCfLnUt,794,0,34,0,4,1,False,False,False,"""""","""""",False,ne,"Minister, Ministry of Labour, Employment and Social Security; Vice President of National Independent Party",https://dparyal.com.np,https://dparyal.com.np,3111,74,140,177,17,3,0,3111,False,True,https://pbs.twimg.com/profile_banners/1566851965757571072/1662402343,https://www.twitter.com/dolprasadaryal,https://pbs.twimg.com/profile_images/1566852370612776960/v0wv1Tha_normal.jpg,False,False,"9/5/2022, 11:58:34 PM","2/22/2024, 10:30:32 AM"
1.75913e+18,dolprasadaryal,Dol Prasad Aryal,Dol Prasad,ARYAL,रुसी सेनामा भर्ना भएका नेपालीको हताहती बढिरहँदा पनि दलालमार्फत अझै भर्तीको प्रयास भइरहेको छ। कूटनीतिरुपमा समस्या समाधानको पहल गर्न सदनमार्फत् सरकारको ध्यानाकर्षण गराउँदै। https://t.co/8Jw755tr3F,1451,0,56,2,9,1,False,False,False,"""""","""""",False,ne,"Minister, Ministry of Labour, Employment and Social Security; Vice President of National Independent Party",https://dparyal.com.np,https://dparyal.com.np,3111,74,140,177,17,3,0,3111,False,True,https://pbs.twimg.com/profile_banners/1566851965757571072/1662402343,https://www.twitter.com/dolprasadaryal,https://pbs.twimg.com/profile_images/1566852370612776960/v0wv1Tha_normal.jpg,False,False,"9/5/2022, 11:58:34 PM","2/18/2024, 1:54:27 PM"
1.75626e+18,dolprasadaryal,Dol Prasad Aryal,Dol Prasad,ARYAL,सोनाम ल्होसारको सम्पूर्णमा शुभकामना। https://t.co/Eg8aBIjpG2,507,0,15,0,2,0,False,False,False,"""""","""""",False,ne,"Minister, Ministry of Labour, Employment and Social Security; Vice President of National Independent Party",https://dparyal.com.np,https://dparyal.com.np,3111,74,140,177,17,3,0,3111,False,True,https://pbs.twimg.com/profile_banners/1566851965757571072/1662402343,https://www.twitter.com/dolprasadaryal,https://pbs.twimg.com/profile_images/1566852370612776960/v0wv1Tha_normal.jpg,False,False,"9/5/2022, 11:58:34 PM","2/10/2024, 3:49:17 PM"
1.75558e+18,dolprasadaryal,Dol Prasad Aryal,Dol Prasad,ARYAL,"कान्तिपुर मिडिया ग्रुपले आयोजना गरेको Employment Migration &amp; Remit Summit 2024 को पहिलो सत्र ""आन्तरिक रोजगारी दशक"" सफल पार्न सकस' मा सहभागिता जनाएको छु। https://t.co/TAwVhlBI4C",1189,0,22,5,2,0,False,False,False,"""""","""""",False,ne,"Minister, Ministry of Labour, Employment and Social Security; Vice President of National Independent Party",https://dparyal.com.np,https://dparyal.com.np,3111,74,140,177,17,3,0,3111,False,True,https://pbs.twimg.com/profile_banners/1566851965757571072/1662402343,https://www.twitter.com/dolprasadaryal,https://pbs.twimg.com/profile_images/1566852370612776960/v0wv1Tha_normal.jpg,False,False,"9/5/2022, 11:58:34 PM","2/8/2024, 7:12:17 PM"
1.7538e+18,dolprasadaryal,Dol Prasad Aryal,Dol Prasad,ARYAL,"रास्वपाको ‘राष्ट्रव्यापी दबाब अभियान’ (माघ २१–चैत २१) 
पहिलो चरण-माघ २१ गते (आइतबार )
स्थानः मेलम्ची खानेपानी अफिस बाहिरको चौर (मेलम्ची बजार, सिन्धुपाल्चोक)
समयः बिहान १० बजे https://t.co/Vs6XVgExpy",3197,0,96,3,17,1,False,False,False,"""""","""""",False,ne,"Minister, Ministry of Labour, Employment and Social Security; Vice President of National Independent Party",https://dparyal.com.np,https://dparyal.com.np,3111,74,140,177,17,3,0,3111,False,True,https://pbs.twimg.com/profile_banners/1566851965757571072/1662402343,https://www.twitter.com/dolprasadaryal,https://pbs.twimg.com/profile_images/1566852370612776960/v0wv1Tha_normal.jpg,False,False,"9/5/2022, 11:58:34 PM","2/3/2024, 9:20:39 PM"
1.75105e+18,dolprasadaryal,Dol Prasad Aryal,Dol Prasad,ARYAL,आज भारतको नयाँदिल्ली र भोलि हैदराबादमा रहनुहुने नेपालीसमुदाय संग छलफलमा रहनेछौ । https://t.co/zDu4MEedoR,3401,0,71,3,9,1,False,False,False,"""""","""""",False,ne,"Minister, Ministry of Labour, Employment and Social Security; Vice President of National Independent Party",https://dparyal.com.np,https://dparyal.com.np,3111,74,140,177,17,3,0,3111,False,True,https://pbs.twimg.com/profile_banners/1566851965757571072/1662402343,https://www.twitter.com/dolprasadaryal,https://pbs.twimg.com/profile_images/1566852370612776960/v0wv1Tha_normal.jpg,False,False,"9/5/2022, 11:58:34 PM","1/27/2024, 7:14:09 AM"
1.7422e+18,dolprasadaryal,Dol Prasad Aryal,Dol Prasad,ARYAL,https://t.co/EW2pxB0mFG,489,0,15,0,1,0,False,False,False,"""""","""""",False,zxx,"Minister, Ministry of Labour, Employment and Social Security; Vice President of National Independent Party",https://dparyal.com.np,https://dparyal.com.np,3111,74,140,177,17,3,0,3111,False,True,https://pbs.twimg.com/profile_banners/1566851965757571072/1662402343,https://www.twitter.com/dolprasadaryal,https://pbs.twimg.com/profile_images/1566852370612776960/v0wv1Tha_normal.jpg,False,False,"9/5/2022, 11:58:34 PM","1/2/2024, 8:46:30 PM"
1.74112e+18,dolprasadaryal,Dol Prasad Aryal,Dol Prasad,ARYAL,"सरकार– विकृति–विसंगतिको पहाड बनाउँछ। अनि, सफा गर्न कुच्चो समाए झैं गर्छ। कुच्चोले पहाड के सफा हुन्थ्यो! भो पुग्यो अब पहाड सफा गर्न कुच्चो समाउने सरकार। 
सरकार– सुशासन र समृद्धिका चर्का भाषण गर्छ। 
जे गर्दा पनि स्वीकार्नु दासता हो।‘जवाफ चाहियो सरकार!’
#जवाफचाहियोसरकार https://t.co/Fl3XtGW4Y8",2072,0,77,2,12,1,False,False,False,"""""","""""",False,ne,"Minister, Ministry of Labour, Employment and Social Security; Vice President of National Independent Party",https://dparyal.com.np,https://dparyal.com.np,3111,74,140,177,17,3,0,3111,False,True,https://pbs.twimg.com/profile_banners/1566851965757571072/1662402343,https://www.twitter.com/dolprasadaryal,https://pbs.twimg.com/profile_images/1566852370612776960/v0wv1Tha_normal.jpg,False,False,"9/5/2022, 11:58:34 PM","12/30/2023, 9:15:30 PM"
1.74021e+18,dolprasadaryal,Dol Prasad Aryal,Dol Prasad,ARYAL,आज चितवन र भोलि धादिङ मा हार्दिक निमन्त्रणा https://t.co/MvtgmbtbWM,871,0,41,1,5,0,False,False,False,"""""","""""",False,ne,"Minister, Ministry of Labour, Employment and Social Security; Vice President of National Independent Party",https://dparyal.com.np,https://dparyal.com.np,3111,74,140,177,17,3,0,3111,False,True,https://pbs.twimg.com/profile_banners/1566851965757571072/1662402343,https://www.twitter.com/dolprasadaryal,https://pbs.twimg.com/profile_images/1566852370612776960/v0wv1Tha_normal.jpg,False,False,"9/5/2022, 11:58:34 PM","12/28/2023, 8:42:58 AM"
1.73846e+18,dolprasadaryal,Dol Prasad Aryal,Dol Prasad,ARYAL,कास्कीको माछापुच्छ्रे गाउँपालिका भेला। जय घण्टी। https://t.co/ZaKhkcWBzs,568,0,36,1,2,0,False,False,False,"""""","""""",False,ne,"Minister, Ministry of Labour, Employment and Social Security; Vice President of National Independent Party",https://dparyal.com.np,https://dparyal.com.np,3111,74,140,177,17,3,0,3111,False,True,https://pbs.twimg.com/profile_banners/1566851965757571072/1662402343,https://www.twitter.com/dolprasadaryal,https://pbs.twimg.com/profile_images/1566852370612776960/v0wv1Tha_normal.jpg,False,False,"9/5/2022, 11:58:34 PM","12/23/2023, 12:54:48 PM"
1.7382e+18,dolprasadaryal,Dol Prasad Aryal,Dol Prasad,ARYAL,म पनि भोलिको यो कार्यक्रम मा उपस्थित हुदैछु।सबैलाई हार्दिक स्वागत ।। https://t.co/iBLvdpncMv,2102,0,65,1,4,1,False,False,False,"""""","""""",False,ne,"Minister, Ministry of Labour, Employment and Social Security; Vice President of National Independent Party",https://dparyal.com.np,https://dparyal.com.np,3111,74,140,177,17,3,0,3111,False,True,https://pbs.twimg.com/profile_banners/1566851965757571072/1662402343,https://www.twitter.com/dolprasadaryal,https://pbs.twimg.com/profile_images/1566852370612776960/v0wv1Tha_normal.jpg,False,False,"9/5/2022, 11:58:34 PM","12/22/2023, 7:59:11 PM"
1.73818e+18,dolprasadaryal,Dol Prasad Aryal,Dol Prasad,ARYAL,काठमाडौ जिल्लामा भोलिको कार्यक्रम ।। https://t.co/YoyE7vUzFI,383,0,22,0,2,0,False,False,False,"""""","""""",False,ne,"Minister, Ministry of Labour, Employment and Social Security; Vice President of National Independent Party",https://dparyal.com.np,https://dparyal.com.np,3111,74,140,177,17,3,0,3111,False,True,https://pbs.twimg.com/profile_banners/1566851965757571072/1662402343,https://www.twitter.com/dolprasadaryal,https://pbs.twimg.com/profile_images/1566852370612776960/v0wv1Tha_normal.jpg,False,False,"9/5/2022, 11:58:34 PM","12/22/2023, 6:31:23 PM"
1.7381e+18,dolprasadaryal,Dol Prasad Aryal,Dol Prasad,ARYAL,"नेत्रावती डबजोङ गाउँपालिका धादिङको प्रथम भेलामा प्रमुख वक्ताका रूपमा उपस्थिति जनाउँदै पार्टीका उपसभापति एवं माननीय डीपी अर्याल । भेलामा पार्टी केन्द्रीय सदस्य एवं माननीय सोबिता गौतम, पार्टीका सहप्रवक्ता रमेश प्रसाईंलगायतको उपस्थिति थियो । https://t.co/HcvFkaUpe8",775,0,38,3,5,0,False,False,False,"""""","""""",False,ne,"Minister, Ministry of Labour, Employment and Social Security; Vice President of National Independent Party",https://dparyal.com.np,https://dparyal.com.np,3111,74,140,177,17,3,0,3111,False,True,https://pbs.twimg.com/profile_banners/1566851965757571072/1662402343,https://www.twitter.com/dolprasadaryal,https://pbs.twimg.com/profile_images/1566852370612776960/v0wv1Tha_normal.jpg,False,False,"9/5/2022, 11:58:34 PM","12/22/2023, 1:15:53 PM"
1.73706e+18,dolprasadaryal,Dol Prasad Aryal,Dol Prasad,ARYAL,पुस ६ गतेका लागि हार्दिक निमन्त्रणा। https://t.co/rjlj1DrvhJ,618,0,33,1,2,0,False,False,False,"""""","""""",False,ne,"Minister, Ministry of Labour, Employment and Social Security; Vice President of National Independent Party",https://dparyal.com.np,https://dparyal.com.np,3111,74,140,177,17,3,0,3111,False,True,https://pbs.twimg.com/profile_banners/1566851965757571072/1662402343,https://www.twitter.com/dolprasadaryal,https://pbs.twimg.com/profile_images/1566852370612776960/v0wv1Tha_normal.jpg,False,False,"9/5/2022, 11:58:34 PM","12/19/2023, 4:32:21 PM"
1.73589e+18,dolprasadaryal,Dol Prasad Aryal,Dol Prasad,ARYAL,काठमाडौ क्षेत्र न ९ मा आउदैछौ ... https://t.co/uil6dbWFmA,446,0,31,0,4,0,False,False,False,"""""","""""",False,ne,"Minister, Ministry of Labour, Employment and Social Security; Vice President of National Independent Party",https://dparyal.com.np,https://dparyal.com.np,3111,74,140,177,17,3,0,3111,False,True,https://pbs.twimg.com/profile_banners/1566851965757571072/1662402343,https://www.twitter.com/dolprasadaryal,https://pbs.twimg.com/profile_images/1566852370612776960/v0wv1Tha_normal.jpg,False,False,"9/5/2022, 11:58:34 PM","12/16/2023, 10:51:07 AM"
1.73514e+18,dolprasadaryal,Dol Prasad Aryal,Dol Prasad,ARYAL,"त्रिभुवन विमानस्थलको ग्राउण्ड ह्याण्डलिङबारे नेपाल नागरिक उड्डयन प्राधिकरणले गरेको निर्णय, युरोपियन युनियनको 'एयर सेफ्टी लिस्ट'मा नेपालको निरन्तरता र नेपाल एयरलाइन्सका लागि नयाँ विमान किन्ने प्रक्रियाबारे प्रधानमन्त्री पुष्पकमल दाहाललाई ध्यानाकर्षण गराएका छौँ। https://t.co/ZY3PtBNQDG",1481,0,36,0,4,0,False,False,False,"""""","""""",False,ne,"Minister, Ministry of Labour, Employment and Social Security; Vice President of National Independent Party",https://dparyal.com.np,https://dparyal.com.np,3111,74,140,177,17,3,0,3111,False,True,https://pbs.twimg.com/profile_banners/1566851965757571072/1662402343,https://www.twitter.com/dolprasadaryal,https://pbs.twimg.com/profile_images/1566852370612776960/v0wv1Tha_normal.jpg,False,False,"9/5/2022, 11:58:34 PM","12/14/2023, 9:34:24 AM"
1.73497e+18,dolprasadaryal,Dol Prasad Aryal,Dol Prasad,ARYAL,काठमाडौ क्षेत्र न ९ मा सबैलाई निमन्त्रणा । https://t.co/ugnDw2x28e,578,0,24,0,6,0,False,False,False,"""""","""""",False,ne,"Minister, Ministry of Labour, Employment and Social Security; Vice President of National Independent Party",https://dparyal.com.np,https://dparyal.com.np,3111,74,140,177,17,3,0,3111,False,True,https://pbs.twimg.com/profile_banners/1566851965757571072/1662402343,https://www.twitter.com/dolprasadaryal,https://pbs.twimg.com/profile_images/1566852370612776960/v0wv1Tha_normal.jpg,False,False,"9/5/2022, 11:58:34 PM","12/13/2023, 9:40:16 PM"
1.73237e+18,dolprasadaryal,Dol Prasad Aryal,Dol Prasad,ARYAL,मनोनीत केन्द्रीय सदस्य एवं पदाधिकारीहरूको शपथ ग्रहण कार्यक्रम । सम्पूर्णलाई बधाई एवं सफल कार्यकालको शुभकामना। https://t.co/DPjOqWSTJo,680,0,29,0,3,0,False,False,False,"""""","""""",False,ne,"Minister, Ministry of Labour, Employment and Social Security; Vice President of National Independent Party",https://dparyal.com.np,https://dparyal.com.np,3111,74,140,177,17,3,0,3111,False,True,https://pbs.twimg.com/profile_banners/1566851965757571072/1662402343,https://www.twitter.com/dolprasadaryal,https://pbs.twimg.com/profile_images/1566852370612776960/v0wv1Tha_normal.jpg,False,False,"9/5/2022, 11:58:34 PM","12/6/2023, 5:55:09 PM"
1.73228e+18,dolprasadaryal,Dol Prasad Aryal,Dol Prasad,ARYAL,"लमजुङ, बेशिसहर मा छोटो तर अर्थपूर्ण छलफल भयो । https://t.co/qOOl9wIKta",362,0,17,0,0,0,False,False,False,"""""","""""",False,ne,"Minister, Ministry of Labour, Employment and Social Security; Vice President of National Independent Party",https://dparyal.com.np,https://dparyal.com.np,3111,74,140,177,17,3,0,3111,False,True,https://pbs.twimg.com/profile_banners/1566851965757571072/1662402343,https://www.twitter.com/dolprasadaryal,https://pbs.twimg.com/profile_images/1566852370612776960/v0wv1Tha_normal.jpg,False,False,"9/5/2022, 11:58:34 PM","12/6/2023, 11:57:26 AM"
1.73192e+18,dolprasadaryal,Dol Prasad Aryal,Dol Prasad,ARYAL,"रास्वपाको विदेश गतिविधिबारे नयाँ पत्रिकामा राखिएको धारणाा।
https://t.co/Ds0t4WbwbG https://t.co/GuUS2hTfmA",1098,1,35,0,4,0,False,False,False,"""""",https://www.nayapatrikadaily.com/news-details/129626/2023-12-05,False,ne,"Minister, Ministry of Labour, Employment and Social Security; Vice President of National Independent Party",https://dparyal.com.np,https://dparyal.com.np,3111,74,140,177,17,3,0,3111,False,True,https://pbs.twimg.com/profile_banners/1566851965757571072/1662402343,https://www.twitter.com/dolprasadaryal,https://pbs.twimg.com/profile_images/1566852370612776960/v0wv1Tha_normal.jpg,False,False,"9/5/2022, 11:58:34 PM","12/5/2023, 11:44:34 AM"
1.73092e+18,dolprasadaryal,Dol Prasad Aryal,Dol Prasad,ARYAL,पार्टी सभापतिज्यु लगायत केन्द्रीय नेताहरु बिदेशमा रहनुहुने शुभचिन्तक लगायत नेपाली समुदाय लाई धन्यवाद सहित उहाँहरसंग सुझाब लिने क्रममा आज मलेसिया प्रस्थान गर्दैहुनुहुन्छ । सबैलाई निमन्त्रणा ।।। https://t.co/SJbUqRXrHs,4621,0,47,7,4,1,False,False,False,"""""","""""",False,ne,"Minister, Ministry of Labour, Employment and Social Security; Vice President of National Independent Party",https://dparyal.com.np,https://dparyal.com.np,3111,74,140,177,17,3,0,3111,False,True,https://pbs.twimg.com/profile_banners/1566851965757571072/1662402343,https://www.twitter.com/dolprasadaryal,https://pbs.twimg.com/profile_images/1566852370612776960/v0wv1Tha_normal.jpg,False,False,"9/5/2022, 11:58:34 PM","12/2/2023, 5:55:15 PM"
1.73056e+18,dolprasadaryal,Dol Prasad Aryal,Dol Prasad,ARYAL,बीबीसी न्यूज नेपालीका विष्णु पोखरेलसँग गरिएको कुराकानी।,1484,1,24,3,1,1,False,False,False,"""""","""""",True,ne,"Minister, Ministry of Labour, Employment and Social Security; Vice President of National Independent Party",https://dparyal.com.np,https://dparyal.com.np,3111,74,140,177,17,3,0,3111,False,True,https://pbs.twimg.com/profile_banners/1566851965757571072/1662402343,https://www.twitter.com/dolprasadaryal,https://pbs.twimg.com/profile_images/1566852370612776960/v0wv1Tha_normal.jpg,False,False,"9/5/2022, 11:58:34 PM","12/1/2023, 5:50:18 PM"
1.73046e+18,dolprasadaryal,Dol Prasad Aryal,Dol Prasad,ARYAL,महोत्तरीको जलेश्वर मन्दिरमा मंसिर १३ गते भएको कार्यक्रमलाई सम्बोधन गर्दै। https://t.co/UNvcjqiJb4,21381,1,70,4,4,2,False,False,False,"""""","""""",False,ne,"Minister, Ministry of Labour, Employment and Social Security; Vice President of National Independent Party",https://dparyal.com.np,https://dparyal.com.np,3111,74,140,177,17,3,0,3111,False,True,https://pbs.twimg.com/profile_banners/1566851965757571072/1662402343,https://www.twitter.com/dolprasadaryal,https://pbs.twimg.com/profile_images/1566852370612776960/v0wv1Tha_normal.jpg,False,False,"9/5/2022, 11:58:34 PM","12/1/2023, 11:23:25 AM"
1.73026e+18,dolprasadaryal,Dol Prasad Aryal,Dol Prasad,ARYAL,जलेश्वर महादेव को प्राङ्गणमा ... https://t.co/xAy8C02LJw,752,1,19,3,2,0,False,False,False,"""""","""""",False,ne,"Minister, Ministry of Labour, Employment and Social Security; Vice President of National Independent Party",https://dparyal.com.np,https://dparyal.com.np,3111,74,140,177,17,3,0,3111,False,True,https://pbs.twimg.com/profile_banners/1566851965757571072/1662402343,https://www.twitter.com/dolprasadaryal,https://pbs.twimg.com/profile_images/1566852370612776960/v0wv1Tha_normal.jpg,False,False,"9/5/2022, 11:58:34 PM","11/30/2023, 10:07:24 PM"
1.72907e+18,dolprasadaryal,Dol Prasad Aryal,Dol Prasad,ARYAL,रास्वपाकाे केन्द्रीय समिति र संसदीय दलकाे संयुक्त बैठक महाेत्तरीकाे जलेश्वरमा  सुरु भएको छ। बैठक बुधबार सम्पन्न हुनेछ। https://t.co/UCgNrhbswQ,858,0,39,3,7,0,False,False,False,"""""","""""",False,ne,"Minister, Ministry of Labour, Employment and Social Security; Vice President of National Independent Party",https://dparyal.com.np,https://dparyal.com.np,3111,74,140,177,17,3,0,3111,False,True,https://pbs.twimg.com/profile_banners/1566851965757571072/1662402343,https://www.twitter.com/dolprasadaryal,https://pbs.twimg.com/profile_images/1566852370612776960/v0wv1Tha_normal.jpg,False,False,"9/5/2022, 11:58:34 PM","11/27/2023, 3:01:37 PM"
1.72902e+18,dolprasadaryal,Dol Prasad Aryal,Dol Prasad,ARYAL,गुरु नानक जयन्तीको शुभकामना https://t.co/OJNhHv0yiM,290,0,12,0,0,0,False,False,False,"""""","""""",False,ne,"Minister, Ministry of Labour, Employment and Social Security; Vice President of National Independent Party",https://dparyal.com.np,https://dparyal.com.np,3111,74,140,177,17,3,0,3111,False,True,https://pbs.twimg.com/profile_banners/1566851965757571072/1662402343,https://www.twitter.com/dolprasadaryal,https://pbs.twimg.com/profile_images/1566852370612776960/v0wv1Tha_normal.jpg,False,False,"9/5/2022, 11:58:34 PM","11/27/2023, 12:12:16 PM"
1.72807e+18,dolprasadaryal,Dol Prasad Aryal,Dol Prasad,ARYAL,अब मधेशमा पनि बज्नेछ घण्टी। पहिलो दिन पर्सा र बारामा सफलतापूर्वक कार्यक्रम सम्पन्न भएको छ।  कार्यक्रम सफल पार्न सहयोग गर्नु हुने सबैमा हार्दिक आभार। भोलि हामी रौतहटमा हुनेछौं। रौतहटवासी सम्पूर्णलाई हार्दिक आमन्त्रण। https://t.co/o0S02g25Oo,534,0,27,0,3,0,False,False,False,"""""","""""",False,ne,"Minister, Ministry of Labour, Employment and Social Security; Vice President of National Independent Party",https://dparyal.com.np,https://dparyal.com.np,3111,74,140,177,17,3,0,3111,False,True,https://pbs.twimg.com/profile_banners/1566851965757571072/1662402343,https://www.twitter.com/dolprasadaryal,https://pbs.twimg.com/profile_images/1566852370612776960/v0wv1Tha_normal.jpg,False,False,"9/5/2022, 11:58:34 PM","11/24/2023, 8:51:34 PM"
1.72761e+18,dolprasadaryal,Dol Prasad Aryal,Dol Prasad,ARYAL,भोलिबाट मधेस प्रदेश का ८ जिल्लामा हामी आउदैछौ ।। https://t.co/fzj8G9Wwfu,479,0,20,2,2,0,False,False,False,"""""","""""",False,ne,"Minister, Ministry of Labour, Employment and Social Security; Vice President of National Independent Party",https://dparyal.com.np,https://dparyal.com.np,3111,74,140,177,17,3,0,3111,False,True,https://pbs.twimg.com/profile_banners/1566851965757571072/1662402343,https://www.twitter.com/dolprasadaryal,https://pbs.twimg.com/profile_images/1566852370612776960/v0wv1Tha_normal.jpg,False,False,"9/5/2022, 11:58:34 PM","11/23/2023, 2:50:01 PM"
1.72761e+18,dolprasadaryal,Dol Prasad Aryal,Dol Prasad,ARYAL,हार्दिक निमन्त्रणा। https://t.co/1C0FM6x2Rn,525,0,20,0,3,0,False,False,False,"""""","""""",False,ne,"Minister, Ministry of Labour, Employment and Social Security; Vice President of National Independent Party",https://dparyal.com.np,https://dparyal.com.np,3111,74,140,177,17,3,0,3111,False,True,https://pbs.twimg.com/profile_banners/1566851965757571072/1662402343,https://www.twitter.com/dolprasadaryal,https://pbs.twimg.com/profile_images/1566852370612776960/v0wv1Tha_normal.jpg,False,False,"9/5/2022, 11:58:34 PM","11/23/2023, 2:18:36 PM"
1.72606e+18,dolprasadaryal,Dol Prasad Aryal,Dol Prasad,ARYAL,छठ पर्वको सम्पूर्णमा शुभकामना । https://t.co/g2zGEg8hat,374,0,16,0,1,0,False,False,False,"""""","""""",False,ne,"Minister, Ministry of Labour, Employment and Social Security; Vice President of National Independent Party",https://dparyal.com.np,https://dparyal.com.np,3111,74,140,177,17,3,0,3111,False,True,https://pbs.twimg.com/profile_banners/1566851965757571072/1662402343,https://www.twitter.com/dolprasadaryal,https://pbs.twimg.com/profile_images/1566852370612776960/v0wv1Tha_normal.jpg,False,False,"9/5/2022, 11:58:34 PM","11/19/2023, 7:56:05 AM"
1.7258e+18,dolprasadaryal,Dol Prasad Aryal,Dol Prasad,ARYAL,"सुनाउन होइन, सुन्न र धन्यवाद दिन सुरु गरिएको घरदैलो अभियानअन्तर्गत धादिङ क्षेत्र नम्बर २ का जनतासँग। https://t.co/A6rXA3uTSZ",1259,0,32,3,2,0,False,False,False,"""""","""""",False,ne,"Minister, Ministry of Labour, Employment and Social Security; Vice President of National Independent Party",https://dparyal.com.np,https://dparyal.com.np,3111,74,140,177,17,3,0,3111,False,True,https://pbs.twimg.com/profile_banners/1566851965757571072/1662402343,https://www.twitter.com/dolprasadaryal,https://pbs.twimg.com/profile_images/1566852370612776960/v0wv1Tha_normal.jpg,False,False,"9/5/2022, 11:58:34 PM","11/18/2023, 2:42:28 PM"
1.72573e+18,dolprasadaryal,Dol Prasad Aryal,Dol Prasad,ARYAL,"सुनाउन होइन, सुन्न र धन्यवाद दिन सुरु गरिएको घरदैलो अभियानअन्तर्गत धादिङ क्षेत्र नम्बर १ का जनतासँग साक्षात्कार गर्दै। https://t.co/85JEB4rxg8",586,0,20,3,3,0,False,False,False,"""""","""""",False,ne,"Minister, Ministry of Labour, Employment and Social Security; Vice President of National Independent Party",https://dparyal.com.np,https://dparyal.com.np,3111,74,140,177,17,3,0,3111,False,True,https://pbs.twimg.com/profile_banners/1566851965757571072/1662402343,https://www.twitter.com/dolprasadaryal,https://pbs.twimg.com/profile_images/1566852370612776960/v0wv1Tha_normal.jpg,False,False,"9/5/2022, 11:58:34 PM","11/18/2023, 9:54:11 AM"
1.72573e+18,dolprasadaryal,Dol Prasad Aryal,Dol Prasad,ARYAL,जनकेन्द्रित राजनीतिको आधारः घरदैलोमा जनतालाई आभार! https://t.co/qjN9zAASJ9,911,0,37,2,6,1,False,False,False,"""""","""""",False,ne,"Minister, Ministry of Labour, Employment and Social Security; Vice President of National Independent Party",https://dparyal.com.np,https://dparyal.com.np,3111,74,140,177,17,3,0,3111,False,True,https://pbs.twimg.com/profile_banners/1566851965757571072/1662402343,https://www.twitter.com/dolprasadaryal,https://pbs.twimg.com/profile_images/1566852370612776960/v0wv1Tha_normal.jpg,False,False,"9/5/2022, 11:58:34 PM","11/18/2023, 9:44:48 AM"
1.7232e+18,dolprasadaryal,Dol Prasad Aryal,Dol Prasad,ARYAL,गल्छी गाउँपालिकाको प्रथम भेला तथा कमिटी गठन कार्यक्रम । https://t.co/3H9NcRFPNC,829,0,30,1,5,0,False,False,False,"""""","""""",False,ne,"Minister, Ministry of Labour, Employment and Social Security; Vice President of National Independent Party",https://dparyal.com.np,https://dparyal.com.np,3111,74,140,177,17,3,0,3111,False,True,https://pbs.twimg.com/profile_banners/1566851965757571072/1662402343,https://www.twitter.com/dolprasadaryal,https://pbs.twimg.com/profile_images/1566852370612776960/v0wv1Tha_normal.jpg,False,False,"9/5/2022, 11:58:34 PM","11/11/2023, 10:20:15 AM"
1.72301e+18,dolprasadaryal,Dol Prasad Aryal,Dol Prasad,ARYAL,"गृहमन्त्रीज्यू, खुला आकाशमुनि काेही भए, म्याट र ब्ल्याङकेट बिना काेही रहे र कसैले खान नपाए सीडीओलाई कारबाही गर्ने चेतावनी दिनु भएछ। भूकम्पकाे सात दिन बित्दा पनि कुसे गा पा रमेश नेपाली, लक्ष्मण नेपाली र विमला नेपाली आजपनि बिना म्याट खुला आकाशमुनि सुत्दै हुनुहुन्छ,अब कारबाहीकसलाई ? https://t.co/ddhNbq9xlO",1703,0,47,0,6,1,False,False,False,"""""","""""",False,ne,"Minister, Ministry of Labour, Employment and Social Security; Vice President of National Independent Party",https://dparyal.com.np,https://dparyal.com.np,3111,74,140,177,17,3,0,3111,False,True,https://pbs.twimg.com/profile_banners/1566851965757571072/1662402343,https://www.twitter.com/dolprasadaryal,https://pbs.twimg.com/profile_images/1566852370612776960/v0wv1Tha_normal.jpg,False,False,"9/5/2022, 11:58:34 PM","11/10/2023, 10:01:59 PM"
1.72282e+18,dolprasadaryal,Dol Prasad Aryal,Dol Prasad,ARYAL,"भोलि शनिबार २५ गते धादिङको गल्छी, नुवाकोटको बिदुर र काठमाडौको का म पा १६ नयाँबजार मा सबैलाई हार्दिक निमन्त्रणा ।। https://t.co/sQpoLgaPJf",861,0,26,0,7,0,False,False,False,"""""","""""",False,ne,"Minister, Ministry of Labour, Employment and Social Security; Vice President of National Independent Party",https://dparyal.com.np,https://dparyal.com.np,3111,74,140,177,17,3,0,3111,False,True,https://pbs.twimg.com/profile_banners/1566851965757571072/1662402343,https://www.twitter.com/dolprasadaryal,https://pbs.twimg.com/profile_images/1566852370612776960/v0wv1Tha_normal.jpg,False,False,"9/5/2022, 11:58:34 PM","11/10/2023, 9:11:36 AM"
1.72154e+18,dolprasadaryal,Dol Prasad Aryal,Dol Prasad,ARYAL,राष्ट्रिय स्वतन्त्र पार्टीको तर्फबाट जाजरकोट र रुकुम (पश्चिम)का भूकम्प प्रभावितको तत्कालिन राहत र दीर्घकालीन व्यवस्थापनका लागि सरकारको ध्यानाकर्षण गराएका छौं। दुर्गमका वास्तविक प्रभावितले राहत नपाउने विगतको कमजोरी नदोहोर्‍याउन सरकारलाई सचेत गराएका छौ। https://t.co/6p6TOyIjv8,971,0,31,1,1,0,False,False,False,"""""","""""",False,ne,"Minister, Ministry of Labour, Employment and Social Security; Vice President of National Independent Party",https://dparyal.com.np,https://dparyal.com.np,3111,74,140,177,17,3,0,3111,False,True,https://pbs.twimg.com/profile_banners/1566851965757571072/1662402343,https://www.twitter.com/dolprasadaryal,https://pbs.twimg.com/profile_images/1566852370612776960/v0wv1Tha_normal.jpg,False,False,"9/5/2022, 11:58:34 PM","11/6/2023, 8:49:21 PM"
1.72149e+18,dolprasadaryal,Dol Prasad Aryal,Dol Prasad,ARYAL,जाजरकोट र रुकुम (पश्चिम)का भूकम्प प्रभावितको तत्कालीन राहत र दीर्घकालीन व्यवस्थापनका लागि सरकारको ध्यानाकर्षण गराएका छौँ। साथै एकद्वार प्रणालीको नाममा सदरमुकामसहित सुगम ठाउँमा राहत थुप्रिने तर दुर्गमका वास्तविक प्रभावितले नपाउने विगतको कमजोरी नदोहोर्‍याउन पनि सचेत गराएका छौँ। https://t.co/J93q7xdUhB,579,0,24,0,2,0,False,False,False,"""""","""""",False,ne,"Minister, Ministry of Labour, Employment and Social Security; Vice President of National Independent Party",https://dparyal.com.np,https://dparyal.com.np,3111,74,140,177,17,3,0,3111,False,True,https://pbs.twimg.com/profile_banners/1566851965757571072/1662402343,https://www.twitter.com/dolprasadaryal,https://pbs.twimg.com/profile_images/1566852370612776960/v0wv1Tha_normal.jpg,False,False,"9/5/2022, 11:58:34 PM","11/6/2023, 5:05:32 PM"
1.72065e+18,dolprasadaryal,Dol Prasad Aryal,Dol Prasad,ARYAL,RAT विभागद्वारा आयोजित रक्तदान कार्यक्रममा रक्तदान गर्दै। https://t.co/NNVrtpRYTi,333,0,16,0,0,0,False,False,False,"""""","""""",False,ne,"Minister, Ministry of Labour, Employment and Social Security; Vice President of National Independent Party",https://dparyal.com.np,https://dparyal.com.np,3111,74,140,177,17,3,0,3111,False,True,https://pbs.twimg.com/profile_banners/1566851965757571072/1662402343,https://www.twitter.com/dolprasadaryal,https://pbs.twimg.com/profile_images/1566852370612776960/v0wv1Tha_normal.jpg,False,False,"9/5/2022, 11:58:34 PM","11/4/2023, 9:34:15 AM"
1.72045e+18,dolprasadaryal,Dol Prasad Aryal,Dol Prasad,ARYAL,प्रथम सल्यानटार कृषि प्रदर्शनी तथा व्यापार मेलालाई सम्बोधन। https://t.co/GHzJq19bNy,824,0,25,1,2,0,False,False,False,"""""","""""",False,ne,"Minister, Ministry of Labour, Employment and Social Security; Vice President of National Independent Party",https://dparyal.com.np,https://dparyal.com.np,3111,74,140,177,17,3,0,3111,False,True,https://pbs.twimg.com/profile_banners/1566851965757571072/1662402343,https://www.twitter.com/dolprasadaryal,https://pbs.twimg.com/profile_images/1566852370612776960/v0wv1Tha_normal.jpg,False,False,"9/5/2022, 11:58:34 PM","11/3/2023, 8:12:01 PM"
1.71819e+18,dolprasadaryal,Dol Prasad Aryal,Dol Prasad,ARYAL,शुभकामना तथा नगर भेला कार्यक्रम ललितपुर । https://t.co/pXM6UEQOIm,735,0,38,0,3,0,False,False,False,"""""","""""",False,ne,"Minister, Ministry of Labour, Employment and Social Security; Vice President of National Independent Party",https://dparyal.com.np,https://dparyal.com.np,3111,74,140,177,17,3,0,3111,False,True,https://pbs.twimg.com/profile_banners/1566851965757571072/1662402343,https://www.twitter.com/dolprasadaryal,https://pbs.twimg.com/profile_images/1566852370612776960/v0wv1Tha_normal.jpg,False,False,"9/5/2022, 11:58:34 PM","10/28/2023, 2:34:59 PM"
1.71554e+18,dolprasadaryal,Dol Prasad Aryal,Dol Prasad,ARYAL,"महान चाड विजयादशमी, शुभदीपावली, छठपर्व र नेपाल संवत् ११४४ को पावन अवसरमा देशविदेशमा रहनु भएका सम्पूर्ण नेपालीहरूमा सुख, शान्ति र समृद्धिको हार्दिक मंगलमय शुभकामना व्यक्त गर्दछु । https://t.co/eJqOdN7zA2",1955,0,82,7,7,0,False,False,False,"""""","""""",False,ne,"Minister, Ministry of Labour, Employment and Social Security; Vice President of National Independent Party",https://dparyal.com.np,https://dparyal.com.np,3111,74,140,177,17,3,0,3111,False,True,https://pbs.twimg.com/profile_banners/1566851965757571072/1662402343,https://www.twitter.com/dolprasadaryal,https://pbs.twimg.com/profile_images/1566852370612776960/v0wv1Tha_normal.jpg,False,False,"9/5/2022, 11:58:34 PM","10/21/2023, 6:55:47 AM"
1.7149e+18,dolprasadaryal,Dol Prasad Aryal,Dol Prasad,ARYAL,"विजयादशमी, शुभ दीपावली, न्यु दया भिन्तुना तथा छठ पर्वको अवसरमा राष्ट्रिय स्वतन्त्र पार्टी काठमाडौं जिल्ला क्षेत्र न. २ ले आयोजना गरेको शुभकामना आदानप्रदान कार्यक्रममा उपस्थिति जनाउँदै। https://t.co/uWcbnEqfsh",801,0,35,0,4,0,False,False,False,"""""","""""",False,ne,"Minister, Ministry of Labour, Employment and Social Security; Vice President of National Independent Party",https://dparyal.com.np,https://dparyal.com.np,3111,74,140,177,17,3,0,3111,False,True,https://pbs.twimg.com/profile_banners/1566851965757571072/1662402343,https://www.twitter.com/dolprasadaryal,https://pbs.twimg.com/profile_images/1566852370612776960/v0wv1Tha_normal.jpg,False,False,"9/5/2022, 11:58:34 PM","10/19/2023, 12:44:50 PM"
1.71343e+18,dolprasadaryal,Dol Prasad Aryal,Dol Prasad,ARYAL,विजयादशमीको पहिलो दिन घटस्थापनाको शुभकामना । https://t.co/opPOLnUDyY,742,0,26,1,1,0,False,False,False,"""""","""""",False,ne,"Minister, Ministry of Labour, Employment and Social Security; Vice President of National Independent Party",https://dparyal.com.np,https://dparyal.com.np,3111,74,140,177,17,3,0,3111,False,True,https://pbs.twimg.com/profile_banners/1566851965757571072/1662402343,https://www.twitter.com/dolprasadaryal,https://pbs.twimg.com/profile_images/1566852370612776960/v0wv1Tha_normal.jpg,False,False,"9/5/2022, 11:58:34 PM","10/15/2023, 11:25:21 AM"
1.71306e+18,dolprasadaryal,Dol Prasad Aryal,Dol Prasad,ARYAL,"बडादशैँ, शुभ दीपावली, नेपाल संवत् र छठ पर्वको अवसरमा धादिङ-काठमाडौं सम्पर्क विभाग र लमजुङ-काठमाडौं सम्पर्क विभागले काठमाडौंमा आयोजना गरेको छुट्टाछुट्टै कार्यक्रममा उपस्थिति जनाउँदै। https://t.co/CT15nonAdH",956,0,18,0,1,0,False,False,False,"""""","""""",False,ne,"Minister, Ministry of Labour, Employment and Social Security; Vice President of National Independent Party",https://dparyal.com.np,https://dparyal.com.np,3111,74,140,177,17,3,0,3111,False,True,https://pbs.twimg.com/profile_banners/1566851965757571072/1662402343,https://www.twitter.com/dolprasadaryal,https://pbs.twimg.com/profile_images/1566852370612776960/v0wv1Tha_normal.jpg,False,False,"9/5/2022, 11:58:34 PM","10/14/2023, 10:37:48 AM"
1.71236e+18,dolprasadaryal,Dol Prasad Aryal,Dol Prasad,ARYAL,काठमाडौँमा आज (२०८० असोज २५ गते) आयोजित ‘रास्वपासँग एनआरएनएको अपेक्षा र एनआरएनएप्रति रास्वपाको धारणा’ विषयक अन्तरक्रिया कार्यक्रम। https://t.co/1CgFgnHKto,631,0,18,1,0,0,False,False,False,"""""","""""",False,ne,"Minister, Ministry of Labour, Employment and Social Security; Vice President of National Independent Party",https://dparyal.com.np,https://dparyal.com.np,3111,74,140,177,17,3,0,3111,False,True,https://pbs.twimg.com/profile_banners/1566851965757571072/1662402343,https://www.twitter.com/dolprasadaryal,https://pbs.twimg.com/profile_images/1566852370612776960/v0wv1Tha_normal.jpg,False,False,"9/5/2022, 11:58:34 PM","10/12/2023, 12:33:33 PM"
1.7098e+18,dolprasadaryal,Dol Prasad Aryal,Dol Prasad,ARYAL,"जिल्ला समन्वय समिति धादिङको आयोजनामा आजबाट सुरु भएको दुईदिने संघीय, प्रादेशिक र स्थानीय तहहरूको वार्षिक समीक्षा कार्यक्रममा उपस्थिति जनाउँदै। https://t.co/0WDJSBBUjh",559,0,19,0,4,0,False,False,False,"""""","""""",False,ne,"Minister, Ministry of Labour, Employment and Social Security; Vice President of National Independent Party",https://dparyal.com.np,https://dparyal.com.np,3111,74,140,177,17,3,0,3111,False,True,https://pbs.twimg.com/profile_banners/1566851965757571072/1662402343,https://www.twitter.com/dolprasadaryal,https://pbs.twimg.com/profile_images/1566852370612776960/v0wv1Tha_normal.jpg,False,False,"9/5/2022, 11:58:34 PM","10/5/2023, 10:56:01 AM"
1.70947e+18,dolprasadaryal,Dol Prasad Aryal,Dol Prasad,ARYAL,"अपांगता भएका व्यक्तिहरूका लागि स्वाबलम्बन जीवन पद्धति केन्द्र (सीआईएल), काठमाडौँका अध्यक्ष, महासचिवलगायतका पदाधिकारीहरूसँग भेटघाट । उहाँहरूले अपांगता समावेशी राजनीतिका लागि पहल गरिदिन ५ बुँदे माग पत्र बुझाउनुभएको छ । https://t.co/xeZxf1Cjwv",1209,0,17,0,5,0,False,False,False,"""""","""""",False,ne,"Minister, Ministry of Labour, Employment and Social Security; Vice President of National Independent Party",https://dparyal.com.np,https://dparyal.com.np,3111,74,140,177,17,3,0,3111,False,True,https://pbs.twimg.com/profile_banners/1566851965757571072/1662402343,https://www.twitter.com/dolprasadaryal,https://pbs.twimg.com/profile_images/1566852370612776960/v0wv1Tha_normal.jpg,False,False,"9/5/2022, 11:58:34 PM","10/4/2023, 1:05:50 PM"
1.70723e+18,dolprasadaryal,Dol Prasad Aryal,Dol Prasad,ARYAL,काठमाडौँ उपत्यकालगायत विभिन्न ठाउँमा वर्षा र सहकालका देवता इन्द्रको पूजा आराधना गरी परम्परागत रूपमा मनाइने महान पर्व इन्द्रजात्राको उपलक्ष्यमा देश विदेशमा रहनुभएका सम्पूर्णमा हार्दिक शुभकामना व्यक्त गर्दछु। https://t.co/QAU8sNsSC6,713,0,19,0,1,0,False,False,False,"""""","""""",False,ne,"Minister, Ministry of Labour, Employment and Social Security; Vice President of National Independent Party",https://dparyal.com.np,https://dparyal.com.np,3111,74,140,177,17,3,0,3111,False,True,https://pbs.twimg.com/profile_banners/1566851965757571072/1662402343,https://www.twitter.com/dolprasadaryal,https://pbs.twimg.com/profile_images/1566852370612776960/v0wv1Tha_normal.jpg,False,False,"9/5/2022, 11:58:34 PM","9/28/2023, 8:49:14 AM"
1.70435e+18,dolprasadaryal,Dol Prasad Aryal,Dol Prasad,ARYAL,जनताको कठोर संघर्षपछि बनेको जननिर्वाचित संविधानसभाले संविधान बनाएको ऐतिहासिक दिन हो आज। व्यवस्था परिवर्तन भए पनि अवस्था भने परिवर्तन हुन बाँकी नै छ। त्यसका लागि हामीले गर्नुपर्ने काम थुप्रै छन्। अतः यो संविधान दिवसले सबैको ध्यान अवस्था परिवर्तनतर्फ केन्द्रित गरोस्। शुभकामना। https://t.co/j0SbBadkjA,368,0,11,0,1,0,False,False,False,"""""","""""",False,ne,"Minister, Ministry of Labour, Employment and Social Security; Vice President of National Independent Party",https://dparyal.com.np,https://dparyal.com.np,3111,74,140,177,17,3,0,3111,False,True,https://pbs.twimg.com/profile_banners/1566851965757571072/1662402343,https://www.twitter.com/dolprasadaryal,https://pbs.twimg.com/profile_images/1566852370612776960/v0wv1Tha_normal.jpg,False,False,"9/5/2022, 11:58:34 PM","9/20/2023, 9:54:45 AM"
1.70255e+18,dolprasadaryal,Dol Prasad Aryal,Dol Prasad,ARYAL,धादिङ क्षेत्र नं. २ को पार्टी कार्यालयमा घण्टीमित्रहरूसँग भेटघाट गर्दै। https://t.co/eQ1JJzHyKu,1027,0,40,0,0,0,False,False,False,"""""","""""",False,ne,"Minister, Ministry of Labour, Employment and Social Security; Vice President of National Independent Party",https://dparyal.com.np,https://dparyal.com.np,3111,74,140,177,17,3,0,3111,False,True,https://pbs.twimg.com/profile_banners/1566851965757571072/1662402343,https://www.twitter.com/dolprasadaryal,https://pbs.twimg.com/profile_images/1566852370612776960/v0wv1Tha_normal.jpg,False,False,"9/5/2022, 11:58:34 PM","9/15/2023, 11:11:14 AM"
1.70229e+18,dolprasadaryal,Dol Prasad Aryal,Dol Prasad,ARYAL,ज्वालामुखी गाउँपालिकाका विभिन्न ठाउँमा भेटघाट। https://t.co/0i1RY4pWzh,550,0,17,1,0,0,False,False,False,"""""","""""",False,ne,"Minister, Ministry of Labour, Employment and Social Security; Vice President of National Independent Party",https://dparyal.com.np,https://dparyal.com.np,3111,74,140,177,17,3,0,3111,False,True,https://pbs.twimg.com/profile_banners/1566851965757571072/1662402343,https://www.twitter.com/dolprasadaryal,https://pbs.twimg.com/profile_images/1566852370612776960/v0wv1Tha_normal.jpg,False,False,"9/5/2022, 11:58:34 PM","9/14/2023, 5:40:58 PM"
1.70216e+18,dolprasadaryal,Dol Prasad Aryal,Dol Prasad,ARYAL,आज ज्वालामुखी गाउँपालिकामा विभिन्न भेटघाट कार्यक्रम गरी २९ गते बेनिघाटको पालिका भेलामा आउने छु। कार्यक्रममा सबैलाई स्वागत छ। https://t.co/5oVaQej3Lt,1029,0,34,0,3,0,False,False,False,"""""","""""",False,ne,"Minister, Ministry of Labour, Employment and Social Security; Vice President of National Independent Party",https://dparyal.com.np,https://dparyal.com.np,3111,74,140,177,17,3,0,3111,False,True,https://pbs.twimg.com/profile_banners/1566851965757571072/1662402343,https://www.twitter.com/dolprasadaryal,https://pbs.twimg.com/profile_images/1566852370612776960/v0wv1Tha_normal.jpg,False,False,"9/5/2022, 11:58:34 PM","9/14/2023, 8:57:30 AM"
1.70046e+18,dolprasadaryal,Dol Prasad Aryal,Dol Prasad,ARYAL,रुपन्देहीको तिलोत्तमा नगर भेला। https://t.co/k8GJzinQ0g,4036,0,59,4,3,3,False,False,False,"""""","""""",False,ne,"Minister, Ministry of Labour, Employment and Social Security; Vice President of National Independent Party",https://dparyal.com.np,https://dparyal.com.np,3111,74,140,177,17,3,0,3111,False,True,https://pbs.twimg.com/profile_banners/1566851965757571072/1662402343,https://www.twitter.com/dolprasadaryal,https://pbs.twimg.com/profile_images/1566852370612776960/v0wv1Tha_normal.jpg,False,False,"9/5/2022, 11:58:34 PM","9/9/2023, 4:17:45 PM"
1.69792e+18,dolprasadaryal,Dol Prasad Aryal,Dol Prasad,ARYAL,"रामेछापको सुनापति, खाँडादेवी र दोरम्बा शैलुङ गाउँपालिकाको संयुक्त भेला। https://t.co/Pqj3tyEB8Y",777,0,35,1,3,0,False,False,False,"""""","""""",False,ne,"Minister, Ministry of Labour, Employment and Social Security; Vice President of National Independent Party",https://dparyal.com.np,https://dparyal.com.np,3111,74,140,177,17,3,0,3111,False,True,https://pbs.twimg.com/profile_banners/1566851965757571072/1662402343,https://www.twitter.com/dolprasadaryal,https://pbs.twimg.com/profile_images/1566852370612776960/v0wv1Tha_normal.jpg,False,False,"9/5/2022, 11:58:34 PM","9/2/2023, 4:27:25 PM"
1.69723e+18,dolprasadaryal,Dol Prasad Aryal,Dol Prasad,ARYAL,हामी आउदैछौ तपाइँहरुसग भेटघाट गर्न । https://t.co/d6pOn7l00n,902,0,50,1,5,0,False,False,False,"""""","""""",False,ne,"Minister, Ministry of Labour, Employment and Social Security; Vice President of National Independent Party",https://dparyal.com.np,https://dparyal.com.np,3111,74,140,177,17,3,0,3111,False,True,https://pbs.twimg.com/profile_banners/1566851965757571072/1662402343,https://www.twitter.com/dolprasadaryal,https://pbs.twimg.com/profile_images/1566852370612776960/v0wv1Tha_normal.jpg,False,False,"9/5/2022, 11:58:34 PM","8/31/2023, 6:37:23 PM"
1.69708e+18,dolprasadaryal,Dol Prasad Aryal,Dol Prasad,ARYAL,"हरेक वर्ष श्रावण शुक्ल पूर्णिमाका दिन मनाइने जनै पूर्णिमा, रक्षा बन्धन र क्वाँटी खाने पर्वले सामाजिक, सांस्कृतिक, जातीय एकता र आपसी सद्भाव बढाओस् भन्ने कामना गर्दै देशविदेशमा रहनुभएका सम्पूर्ण आमाबुबा, दाजुभाइ तथा दिदीबहिनीहरूमा सुख, शान्ति र समृद्धिको शुभकामना व्यक्त गर्दछु। https://t.co/hKOL44IvA3",712,0,26,2,2,0,False,False,False,"""""","""""",False,ne,"Minister, Ministry of Labour, Employment and Social Security; Vice President of National Independent Party",https://dparyal.com.np,https://dparyal.com.np,3111,74,140,177,17,3,0,3111,False,True,https://pbs.twimg.com/profile_banners/1566851965757571072/1662402343,https://www.twitter.com/dolprasadaryal,https://pbs.twimg.com/profile_images/1566852370612776960/v0wv1Tha_normal.jpg,False,False,"9/5/2022, 11:58:34 PM","8/31/2023, 8:41:36 AM"
1.69534e+18,dolprasadaryal,Dol Prasad Aryal,Dol Prasad,ARYAL,नेशनल प्याब्सन मधेश प्रदेश समितिको आयोजनामा वीरगन्जमा आयोजित हाजिरीजवाफ प्रतियोगिता कार्यक्रममा उपस्थिति जनाउँदै । https://t.co/lmtaWcJFO6,597,0,27,0,2,0,False,False,False,"""""","""""",False,ne,"Minister, Ministry of Labour, Employment and Social Security; Vice President of National Independent Party",https://dparyal.com.np,https://dparyal.com.np,3111,74,140,177,17,3,0,3111,False,True,https://pbs.twimg.com/profile_banners/1566851965757571072/1662402343,https://www.twitter.com/dolprasadaryal,https://pbs.twimg.com/profile_images/1566852370612776960/v0wv1Tha_normal.jpg,False,False,"9/5/2022, 11:58:34 PM","8/26/2023, 1:27:35 PM"
1.69463e+18,dolprasadaryal,Dol Prasad Aryal,Dol Prasad,ARYAL,श्रमिकहरूको न्यूनतम पारिश्रमिक कार्यान्वयनका लागि संस्थागत अनुगमन बढाउन संसदबाट सरकारको ध्यानाकर्षण गराउँदै। https://t.co/0P15GKHxNj,1111,0,38,1,6,0,False,False,False,"""""","""""",False,ne,"Minister, Ministry of Labour, Employment and Social Security; Vice President of National Independent Party",https://dparyal.com.np,https://dparyal.com.np,3111,74,140,177,17,3,0,3111,False,True,https://pbs.twimg.com/profile_banners/1566851965757571072/1662402343,https://www.twitter.com/dolprasadaryal,https://pbs.twimg.com/profile_images/1566852370612776960/v0wv1Tha_normal.jpg,False,False,"9/5/2022, 11:58:34 PM","8/24/2023, 2:22:53 PM"
1.6928e+18,dolprasadaryal,Dol Prasad Aryal,Dol Prasad,ARYAL,कीर्तिपुर नगर भेला तथा समिति गठन कार्यक्रममा सहभागी। https://t.co/0pEkbr4AeP,898,0,38,4,5,0,False,False,False,"""""","""""",False,ne,"Minister, Ministry of Labour, Employment and Social Security; Vice President of National Independent Party",https://dparyal.com.np,https://dparyal.com.np,3111,74,140,177,17,3,0,3111,False,True,https://pbs.twimg.com/profile_banners/1566851965757571072/1662402343,https://www.twitter.com/dolprasadaryal,https://pbs.twimg.com/profile_images/1566852370612776960/v0wv1Tha_normal.jpg,False,False,"9/5/2022, 11:58:34 PM","8/19/2023, 1:05:09 PM"
1.68883e+18,dolprasadaryal,Dol Prasad Aryal,Dol Prasad,ARYAL,"हार्दिक निमन्त्रणा 
बर्दघाट नगरपालिका नगर भेला
पार्टी सभापति तथा उपसभापतिको विशेष उपस्थितीमा सम्बोधन हुने नगर भेलामा सम्पूर्ण महानुभाव एवम् शुभचिन्तकज्यूहरूलाई हार्दिक निमन्त्रण गर्दछौं ।

मितिः २०८० श्रावण २७ गते शनिबार
समयः बिहान ७ः३० देखि १०ः३० सम्म https://t.co/7HUWaBjv9Y",1290,0,36,1,6,1,False,False,False,"""""","""""",False,ne,"Minister, Ministry of Labour, Employment and Social Security; Vice President of National Independent Party",https://dparyal.com.np,https://dparyal.com.np,3111,74,140,177,17,3,0,3111,False,True,https://pbs.twimg.com/profile_banners/1566851965757571072/1662402343,https://www.twitter.com/dolprasadaryal,https://pbs.twimg.com/profile_images/1566852370612776960/v0wv1Tha_normal.jpg,False,False,"9/5/2022, 11:58:34 PM","8/8/2023, 2:25:11 PM"
1.68851e+18,dolprasadaryal,Dol Prasad Aryal,Dol Prasad,ARYAL,"स्वघाेषित शीर्ष नेताहरूकै कारण आज पनि सदन चल्न सकेन ।
जनताका मुद्दामा होइन आफ्नै भागबण्डामा रमाउने दल र तिनका नेताबाट जनताले के अपेक्षा गर्ने ??",2387,0,60,4,13,1,False,False,False,"""""","""""",False,ne,"Minister, Ministry of Labour, Employment and Social Security; Vice President of National Independent Party",https://dparyal.com.np,https://dparyal.com.np,3111,74,140,177,17,3,0,3111,False,True,https://pbs.twimg.com/profile_banners/1566851965757571072/1662402343,https://www.twitter.com/dolprasadaryal,https://pbs.twimg.com/profile_images/1566852370612776960/v0wv1Tha_normal.jpg,False,False,"9/5/2022, 11:58:34 PM","8/7/2023, 5:07:26 PM"
1.68191e+18,dolprasadaryal,Dol Prasad Aryal,Dol Prasad,ARYAL,काभ्रेका विभिन्न पालिका र वडासम्म पुगेर जनतासँग भेटघाट गरी भलाकुसारी गरियो। पार्टीको एउटा ड्रिम प्रोजेक्ट अध्ययनका लागि युवा नेता प्रविण ढकालले साथ दिनुभयो। https://t.co/9P4qRQIiY6,612,0,31,1,1,0,False,False,False,"""""","""""",False,ne,"Minister, Ministry of Labour, Employment and Social Security; Vice President of National Independent Party",https://dparyal.com.np,https://dparyal.com.np,3111,74,140,177,17,3,0,3111,False,True,https://pbs.twimg.com/profile_banners/1566851965757571072/1662402343,https://www.twitter.com/dolprasadaryal,https://pbs.twimg.com/profile_images/1566852370612776960/v0wv1Tha_normal.jpg,False,False,"9/5/2022, 11:58:34 PM","7/20/2023, 12:12:48 PM"
1.67982e+18,dolprasadaryal,Dol Prasad Aryal,Dol Prasad,ARYAL,"आज असार २९ गते साँझ ८ बजे र असार ३० गते बिहान ७ बजे पोखरामा भेटघाट, ११ बजे स्याङ्जाको पुतलीबजार नगर भेला कार्यक्रम । उपस्थितिका लागि सबैमा हार्दिक अनुरोध । https://t.co/l06HjtnqH6",907,0,37,0,3,1,False,False,False,"""""","""""",False,ne,"Minister, Ministry of Labour, Employment and Social Security; Vice President of National Independent Party",https://dparyal.com.np,https://dparyal.com.np,3111,74,140,177,17,3,0,3111,False,True,https://pbs.twimg.com/profile_banners/1566851965757571072/1662402343,https://www.twitter.com/dolprasadaryal,https://pbs.twimg.com/profile_images/1566852370612776960/v0wv1Tha_normal.jpg,False,False,"9/5/2022, 11:58:34 PM","7/14/2023, 5:36:54 PM"
1.67905e+18,dolprasadaryal,Dol Prasad Aryal,Dol Prasad,ARYAL,"नेपालमा ऊर्जा क्षेत्रको अवस्था र चुनौतीहरूका विषयमा स्वतन्त्र ऊर्जा उत्पादकहरूको संस्था नेपाल (इपान) सँग बुधबार घण्टीघरमा भएको अन्तरक्रिया कार्यक्रम। इपानले राष्ट्रिय स्वतन्त्र पार्टीका सांसद, केन्द्रीय सदस्यहरूलाई ऊर्जा क्षेत्रको अवस्थाबारे जानकारी गराएको थियो। https://t.co/NvgX80gzmI",1119,0,37,1,0,0,False,False,False,"""""","""""",False,ne,"Minister, Ministry of Labour, Employment and Social Security; Vice President of National Independent Party",https://dparyal.com.np,https://dparyal.com.np,3111,74,140,177,17,3,0,3111,False,True,https://pbs.twimg.com/profile_banners/1566851965757571072/1662402343,https://www.twitter.com/dolprasadaryal,https://pbs.twimg.com/profile_images/1566852370612776960/v0wv1Tha_normal.jpg,False,False,"9/5/2022, 11:58:34 PM","7/12/2023, 2:50:33 PM"
1.67799e+18,dolprasadaryal,Dol Prasad Aryal,Dol Prasad,ARYAL,कपिलवस्तुदेखि अर्घाखाँचीका विभिन्न वडा र पालिकाहरूमा देखिएको उत्साह।  असारे झरी नभनी उपस्थित भइदिनुभएकोमा सबैलाई हृदयदेखि आभार व्यक्त गर्दछु। https://t.co/lJpifKXJkl,1975,0,56,1,6,1,False,False,False,"""""","""""",False,ne,"Minister, Ministry of Labour, Employment and Social Security; Vice President of National Independent Party",https://dparyal.com.np,https://dparyal.com.np,3111,74,140,177,17,3,0,3111,False,True,https://pbs.twimg.com/profile_banners/1566851965757571072/1662402343,https://www.twitter.com/dolprasadaryal,https://pbs.twimg.com/profile_images/1566852370612776960/v0wv1Tha_normal.jpg,False,False,"9/5/2022, 11:58:34 PM","7/9/2023, 4:18:37 PM"
1.67732e+18,dolprasadaryal,Dol Prasad Aryal,Dol Prasad,ARYAL,आज घण्टीघरमा भएको गैरआवासीय नेपालीसम्बन्धी कानून विषयक अन्तरक्रिया कार्यक्रम। https://t.co/mWxzXYb5cX,1046,0,34,1,3,0,False,False,False,"""""","""""",False,ne,"Minister, Ministry of Labour, Employment and Social Security; Vice President of National Independent Party",https://dparyal.com.np,https://dparyal.com.np,3111,74,140,177,17,3,0,3111,False,True,https://pbs.twimg.com/profile_banners/1566851965757571072/1662402343,https://www.twitter.com/dolprasadaryal,https://pbs.twimg.com/profile_images/1566852370612776960/v0wv1Tha_normal.jpg,False,False,"9/5/2022, 11:58:34 PM","7/7/2023, 7:58:17 PM"
1.67723e+18,dolprasadaryal,Dol Prasad Aryal,Dol Prasad,ARYAL,राष्ट्रिय स्वतन्त्र पार्टीको लुम्बिनी प्रदेशस्तरीय प्रशिक्षण कार्यक्रम आज (शुक्रबार) बाट भैरहवामा सुरु भएको छ। प्रशिक्षण कार्यक्रम दुई दिनसम्म चल्नेछ। https://t.co/L8G5sZ20bg,2574,0,65,3,3,2,False,False,False,"""""","""""",False,ne,"Minister, Ministry of Labour, Employment and Social Security; Vice President of National Independent Party",https://dparyal.com.np,https://dparyal.com.np,3111,74,140,177,17,3,0,3111,False,True,https://pbs.twimg.com/profile_banners/1566851965757571072/1662402343,https://www.twitter.com/dolprasadaryal,https://pbs.twimg.com/profile_images/1566852370612776960/v0wv1Tha_normal.jpg,False,False,"9/5/2022, 11:58:34 PM","7/7/2023, 2:14:30 PM"
1.67723e+18,dolprasadaryal,Dol Prasad Aryal,Dol Prasad,ARYAL,हामी भोलि धादिङको २ ओटा कार्यक्रम मा आउनेछौ । थाक्रे गा पा र गजुरी गा पा ।। https://t.co/ohlpq9FCDK,2330,0,44,2,4,1,False,False,False,"""""","""""",False,ne,"Minister, Ministry of Labour, Employment and Social Security; Vice President of National Independent Party",https://dparyal.com.np,https://dparyal.com.np,3111,74,140,177,17,3,0,3111,False,True,https://pbs.twimg.com/profile_banners/1566851965757571072/1662402343,https://www.twitter.com/dolprasadaryal,https://pbs.twimg.com/profile_images/1566852370612776960/v0wv1Tha_normal.jpg,False,False,"9/5/2022, 11:58:34 PM","7/7/2023, 1:50:17 PM"
1.67589e+18,dolprasadaryal,Dol Prasad Aryal,Dol Prasad,ARYAL,"लामो समयदेखि अमेरिका र फिनल्यान्डलाई कर्मभूमि बनाएर विभिन्न पेसा व्यवसायमा आबद्ध हुनुभएका तीन फरक टोलीसँग घण्टीघरमा भएको छलफल। सो छलफल आईटी, हाइड्रो, मेडिकल इनोभेसनलगायतमा लगानी र रोजगार सिर्जना गर्नेबारे केन्द्रित थियो। https://t.co/M4rsfRPE5J",1767,0,46,2,3,0,False,False,False,"""""","""""",False,ne,"Minister, Ministry of Labour, Employment and Social Security; Vice President of National Independent Party",https://dparyal.com.np,https://dparyal.com.np,3111,74,140,177,17,3,0,3111,False,True,https://pbs.twimg.com/profile_banners/1566851965757571072/1662402343,https://www.twitter.com/dolprasadaryal,https://pbs.twimg.com/profile_images/1566852370612776960/v0wv1Tha_normal.jpg,False,False,"9/5/2022, 11:58:34 PM","7/3/2023, 9:22:03 PM"
1.67569e+18,dolprasadaryal,Dol Prasad Aryal,Dol Prasad,ARYAL,अज्ञानता हटाउँदै सत्मार्ग देखाउने सम्पूर्ण गुरुहरूमा गुरुपूर्णिमाको शुभकामना। https://t.co/JZ6qMH9hFf,833,0,31,1,3,0,False,False,False,"""""","""""",False,ne,"Minister, Ministry of Labour, Employment and Social Security; Vice President of National Independent Party",https://dparyal.com.np,https://dparyal.com.np,3111,74,140,177,17,3,0,3111,False,True,https://pbs.twimg.com/profile_banners/1566851965757571072/1662402343,https://www.twitter.com/dolprasadaryal,https://pbs.twimg.com/profile_images/1566852370612776960/v0wv1Tha_normal.jpg,False,False,"9/5/2022, 11:58:34 PM","7/3/2023, 7:52:53 AM"
1.67534e+18,dolprasadaryal,Dol Prasad Aryal,Dol Prasad,ARYAL,राष्ट्रिय स्वतन्त्र पार्टी नागार्जुन नगर भेला तथा कमिटी गठन कार्यक्रम। https://t.co/X0oVyfCBJr,1250,0,32,1,3,1,False,False,False,"""""","""""",False,ne,"Minister, Ministry of Labour, Employment and Social Security; Vice President of National Independent Party",https://dparyal.com.np,https://dparyal.com.np,3111,74,140,177,17,3,0,3111,False,True,https://pbs.twimg.com/profile_banners/1566851965757571072/1662402343,https://www.twitter.com/dolprasadaryal,https://pbs.twimg.com/profile_images/1566852370612776960/v0wv1Tha_normal.jpg,False,False,"9/5/2022, 11:58:34 PM","7/2/2023, 9:06:55 AM"
1.67503e+18,dolprasadaryal,Dol Prasad Aryal,Dol Prasad,ARYAL,आजको दोस्रो कार्यक्रमः ६५ औँ संसद् दिवसको अवसरमा नयाँ बानेश्वरस्थित संसद् भवनको ल्होत्से हलमा आयोजित कार्यक्रम। https://t.co/qspL7KGLc7,412,0,18,0,1,0,False,False,False,"""""","""""",False,ne,"Minister, Ministry of Labour, Employment and Social Security; Vice President of National Independent Party",https://dparyal.com.np,https://dparyal.com.np,3111,74,140,177,17,3,0,3111,False,True,https://pbs.twimg.com/profile_banners/1566851965757571072/1662402343,https://www.twitter.com/dolprasadaryal,https://pbs.twimg.com/profile_images/1566852370612776960/v0wv1Tha_normal.jpg,False,False,"9/5/2022, 11:58:34 PM","7/1/2023, 12:25:58 PM"
1.67503e+18,dolprasadaryal,Dol Prasad Aryal,Dol Prasad,ARYAL,राष्ट्रिय स्वतन्त्र पार्टी तारकेश्वर गाउँपालिका नुवाकोटको प्रथम गाउँपालिका भेला। https://t.co/8XhOqSkL5Q,821,0,28,1,2,0,False,False,False,"""""","""""",False,ne,"Minister, Ministry of Labour, Employment and Social Security; Vice President of National Independent Party",https://dparyal.com.np,https://dparyal.com.np,3111,74,140,177,17,3,0,3111,False,True,https://pbs.twimg.com/profile_banners/1566851965757571072/1662402343,https://www.twitter.com/dolprasadaryal,https://pbs.twimg.com/profile_images/1566852370612776960/v0wv1Tha_normal.jpg,False,False,"9/5/2022, 11:58:34 PM","7/1/2023, 12:12:21 PM"
1.67461e+18,dolprasadaryal,Dol Prasad Aryal,Dol Prasad,ARYAL,"मानो रोपेर मुरी फलाउने दिनका रूपमा लिइने  १५ असार, नेपाली किसानहरूका लागि महत्त्वपूर्ण दिन हो। कृषिप्रधान देश भएर पनि खाद्यान्न,मल,बिउको लागि अन्य मुलुकको भर पर्नु परिरहेका बेला राष्ट्रिय धान दिवसले कृषिमा आत्मनिर्भर, आधुनिकीकरण, किसानको जीवनस्तरमा सुधार  ल्याउन सकोस शुभकामना। https://t.co/tZwNmUb1DT",469,0,16,1,1,1,False,False,False,"""""","""""",False,ne,"Minister, Ministry of Labour, Employment and Social Security; Vice President of National Independent Party",https://dparyal.com.np,https://dparyal.com.np,3111,74,140,177,17,3,0,3111,False,True,https://pbs.twimg.com/profile_banners/1566851965757571072/1662402343,https://www.twitter.com/dolprasadaryal,https://pbs.twimg.com/profile_images/1566852370612776960/v0wv1Tha_normal.jpg,False,False,"9/5/2022, 11:58:34 PM","6/30/2023, 8:13:37 AM"
1.67434e+18,dolprasadaryal,Dol Prasad Aryal,Dol Prasad,ARYAL,"यही असार १५ गते काठमाडौँको तारकेश्वर-५, धिताल चोकमा रोपाइँ गर्दै दही चिउरा खाने रमाइलो कार्यक्रम भएको हुँदा सम्पूर्ण नेपाली आमाबुबा, दाजुभाइ, दिदीबहिनीहरूमा यसै सूचनालाई आधिकारिक मानेर उपस्थित भई कार्यक्रमलाई सफल बनाइदिन अनुरोध गर्दछौँ। -डीपी अर्यालको सचिवालय https://t.co/l1iimhoZIb",1539,0,61,0,1,0,False,False,False,"""""","""""",False,ne,"Minister, Ministry of Labour, Employment and Social Security; Vice President of National Independent Party",https://dparyal.com.np,https://dparyal.com.np,3111,74,140,177,17,3,0,3111,False,True,https://pbs.twimg.com/profile_banners/1566851965757571072/1662402343,https://www.twitter.com/dolprasadaryal,https://pbs.twimg.com/profile_images/1566852370612776960/v0wv1Tha_normal.jpg,False,False,"9/5/2022, 11:58:34 PM","6/29/2023, 2:26:05 PM"
1.67423e+18,dolprasadaryal,Dol Prasad Aryal,Dol Prasad,ARYAL,"इस्लाम धर्मावलम्बीहरूको महान् चाड बकर इद (इद उल अजहा) को स्वदेश तथा विदेशमा रहनुभएका सम्पूर्ण आमाबुबा, दिदीबहिनी तथा दाजुभाइहरूमा सुख, शान्ति र समृद्धिको कामना गर्दछु। धार्मिक सहिष्णुता र सामाजिक सद्भाव कायम राख्दै देश निर्माणमा एकताबद्ध हुन हामी सबैमा प्रेरणा मिलोस्।  शुभकाना। https://t.co/ezMNwzOXWz",1535,0,35,1,1,0,False,False,False,"""""","""""",False,ne,"Minister, Ministry of Labour, Employment and Social Security; Vice President of National Independent Party",https://dparyal.com.np,https://dparyal.com.np,3111,74,140,177,17,3,0,3111,False,True,https://pbs.twimg.com/profile_banners/1566851965757571072/1662402343,https://www.twitter.com/dolprasadaryal,https://pbs.twimg.com/profile_images/1566852370612776960/v0wv1Tha_normal.jpg,False,False,"9/5/2022, 11:58:34 PM","6/29/2023, 7:24:43 AM"
